"年度","月份","序号","类章序号","类章名目","出口_当月","出口_累计","进口_当月","进口_累计","累计同期变动_出口","累计同期变动_进口"
2014,6,3,"01章","01章 活动物",28452,149089,28041,163244,-1.3,62.4
2014,6,4,"02章","02章 肉及食用杂碎",59259,322917,270966,1863613,17.6,4.1
2014,6,5,"03章","03章 鱼、甲壳动物、软体动物及其他水生无脊椎动物",679542,3838522,285590,1972502,4.6,10.6
2014,6,6,"04章","04章 乳品；蛋品；天然蜂蜜；其他食用动物产品",26427,159104,312009,2778028,8.5,110.2
2014,6,10,"07章","07章 食用蔬菜、根及块茎",445746,2392128,95352,911469,1.4,7.4
2014,6,11,"08章","08章 食用水果及坚果；甜瓜或柑桔属水果的果皮",113023,964552,252804,1668115,-3.8,14.6
2014,6,13,"10章","10章 谷物",9890,70827,259429,1919862,-60,52.2
2014,6,14,"11章","11章 制粉工业产品；麦芽；淀粉；菊粉；面筋",32528,190477,26563,274516,3.8,27.6
2014,6,19,"15章","15章 动、植物油、脂及其分解产品；精制的食用油脂；动、植物蜡",31001,188089,451801,3028284,2.4,-8.8
2014,6,38,"31章","31章 肥料",320035,1812439,158791,1047290,86.4,-16.8
2014,6,63,"51章","51章 羊毛、动物细毛或粗毛；马毛纱线及其机织物",134842,862589,197152,1047680,-4.6,-16.8
2014,6,64,"52章","52章 棉花",778919,4853699,636917,4146540,-10.8,-24.7
2014,7,3,"01章","01章 活动物",29199,178303,47699,210915,-0.9,62.7
2014,7,4,"02章","02章 肉及食用杂碎",58390,381307,299929,2163939,16.3,4.1
2014,7,5,"03章","03章 鱼、甲壳动物、软体动物及其他水生无脊椎动物",708925,4546577,304266,2276351,6.5,10.8
2014,7,6,"04章","04章 乳品；蛋品；天然蜂蜜；其他食用动物产品",32297,191401,303634,3081718,7.5,96
2014,7,10,"07章","07章 食用蔬菜、根及块茎",437068,2828015,123684,1035172,0.6,6.8
2014,7,11,"08章","08章 食用水果及坚果；甜瓜或柑桔属水果的果皮",173294,1137855,255805,1924591,-2.5,19.1
2014,7,13,"10章","10章 谷物",16037,86864,303383,2223175,-54.6,54.9
2014,7,14,"11章","11章 制粉工业产品；麦芽；淀粉；菊粉；面筋",33163,223641,38190,312715,3.9,28.4
2014,7,19,"15章","15章 动、植物油、脂及其分解产品；精制的食用油脂；动、植物蜡",33845,221935,560498,3588613,0.7,-10.9
2014,7,38,"31章","31章 肥料",420424,2234733,168010,1215300,45.3,-13.2
2014,7,63,"51章","51章 羊毛、动物细毛或粗毛；马毛纱线及其机织物",129548,992136,199104,1246817,-4.3,-15.3
2014,7,64,"52章","52章 棉花",819946,5673301,764608,4910735,-11.3,-24.2
2014,8,3,"01章","01章 活动物",29637,207940,74733,285648,-2.1,91
2014,8,4,"02章","02章 肉及食用杂碎",60274,441581,291338,2455393,16.5,2
2014,8,5,"03章","03章 鱼、甲壳动物、软体动物及其他水生无脊椎动物",732757,5279187,333571,2608278,8.2,10.1
2014,8,6,"04章","04章 乳品；蛋品；天然蜂蜜；其他食用动物产品",40579,231979,221752,3304961,10.7,84.8
2014,8,10,"07章","07章 食用蔬菜、根及块茎",426460,3254476,114746,1150048,1.7,8.1
2014,8,11,"08章","08章 食用水果及坚果；甜瓜或柑桔属水果的果皮",189980,1327830,261128,2186266,-3,22.4
2014,8,13,"10章","10章 谷物",13009,99873,214654,2437731,-51.4,49.2
2014,8,14,"11章","11章 制粉工业产品；麦芽；淀粉；菊粉；面筋",28271,251796,48247,361018,1.7,29.4
2014,8,19,"15章","15章 动、植物油、脂及其分解产品；精制的食用油脂；动、植物蜡",34787,256722,435112,4023458,4.3,-13.2
2014,8,38,"31章","31章 肥料",602967,2837702,180459,1395428,31.1,-12
2014,8,63,"51章","51章 羊毛、动物细毛或粗毛；马毛纱线及其机织物",121764,1113935,164973,1412129,-4.5,-14.4
2014,8,64,"52章","52章 棉花",886188,6558862,629683,5540292,-10.1,-24.7
2014,9,3,"01章","01章 活动物",30738,238678,76534,362247,-0.9,125.4
2014,9,4,"02章","02章 肉及食用杂碎",66013,507594,295733,2751478,17.5,0.8
2014,9,5,"03章","03章 鱼、甲壳动物、软体动物及其他水生无脊椎动物",748211,6027461,401917,3010435,9.4,10.3
2014,9,6,"04章","04章 乳品；蛋品；天然蜂蜜；其他食用动物产品",31536,263516,173618,3478581,8.6,71.2
2014,9,10,"07章","07章 食用蔬菜、根及块茎",390038,3644182,98186,1248244,2,7.7
2014,9,11,"08章","08章 食用水果及坚果；甜瓜或柑桔属水果的果皮",263817,1591657,225674,2412945,1.7,19.9
2014,9,13,"10章","10章 谷物",25080,124983,376551,2814310,-47.5,45.3
2014,9,14,"11章","11章 制粉工业产品；麦芽；淀粉；菊粉；面筋",34499,286295,63018,424052,2.1,32.1
2014,9,19,"15章","15章 动、植物油、脂及其分解产品；精制的食用油脂；动、植物蜡",35268,291893,399002,4422601,4.6,-13.2
2014,9,38,"31章","31章 肥料",567143,3405996,95569,1490996,28.1,-12.3
2014,9,63,"51章","51章 羊毛、动物细毛或粗毛；马毛纱线及其机织物",106244,1219376,128026,1540195,-5.5,-13
2014,9,64,"52章","52章 棉花",881391,7439946,558231,6098274,-9.3,-25
2014,10,3,"01章","01章 活动物",31225,269903,45440,407687,-0.3,105.2
2014,10,4,"02章","02章 肉及食用杂碎",66724,574318,251142,3002905,18.8,-0.9
2014,10,5,"03章","03章 鱼、甲壳动物、软体动物及其他水生无脊椎动物",820491,6847913,347195,3357708,10.6,10.2
2014,10,6,"04章","04章 乳品；蛋品；天然蜂蜜；其他食用动物产品",30311,293826,170779,3649290,7.5,55.6
2014,10,10,"07章","07章 食用蔬菜、根及块茎",415253,4059439,91405,1339511,3,4.2
2014,10,11,"08章","08章 食用水果及坚果；甜瓜或柑桔属水果的果皮",331745,1923444,178863,2592291,2.7,19.2
2014,10,13,"10章","10章 谷物",34341,159329,246512,3060898,-39.8,29.5
2014,10,14,"11章","11章 制粉工业产品；麦芽；淀粉；菊粉；面筋",28788,315082,53534,477566,1.1,29.4
2014,10,19,"15章","15章 动、植物油、脂及其分解产品；精制的食用油脂；动、植物蜡",32265,324151,330331,4750868,4.8,-14.1
2014,10,38,"31章","31章 肥料",611999,4017926,203622,1694619,28.8,-4.5
2014,10,63,"51章","51章 羊毛、动物细毛或粗毛；马毛纱线及其机织物",116878,1336236,165960,1706156,-4.2,-11
2014,10,64,"52章","52章 棉花",887740,8327628,497613,6595901,-7.7,-24.9
2014,11,3,"01章","01章 活动物",32874,302777,52460,460235,0.1,99
2014,11,4,"02章","02章 肉及食用杂碎",71987,646210,260534,3263939,19.7,-2.2
2014,11,5,"03章","03章 鱼、甲壳动物、软体动物及其他水生无脊椎动物",882040,7729990,312508,3670611,11.3,8.4
2014,11,6,"04章","04章 乳品；蛋品；天然蜂蜜；其他食用动物产品",33748,327550,167796,3817088,6.5,36.8
2014,11,10,"07章","07章 食用蔬菜、根及块茎",475425,4534809,84929,1424440,3.8,-1.3
2014,11,11,"08章","08章 食用水果及坚果；甜瓜或柑桔属水果的果皮",367887,2291313,203205,2797258,2.7,20
2014,11,13,"10章","10章 谷物",67131,226459,286234,3347270,-24.4,20.1
2014,11,14,"11章","11章 制粉工业产品；麦芽；淀粉；菊粉；面筋",28892,343963,57598,535164,0.3,24.9
2014,11,19,"15章","15章 动、植物油、脂及其分解产品；精制的食用油脂；动、植物蜡",32998,357132,394301,5144486,4.2,-15.7
2014,11,38,"31章","31章 肥料",757962,4776139,184241,1878853,35.8,-1.6
2014,11,63,"51章","51章 羊毛、动物细毛或粗毛；马毛纱线及其机织物",99057,1435298,174938,1881164,-5.2,-10.1
2014,11,64,"52章","52章 棉花",869407,9197029,486560,7081308,-7.7,-25.3
2014,12,3,"01章","01章 活动物",56799,359576,53479,513664,-0.2,91.6
2014,12,4,"02章","02章 肉及食用杂碎",79888,726098,324008,3588178,18.4,-2.5
2014,12,5,"03章","03章 鱼、甲壳动物、软体动物及其他水生无脊椎动物",916443,8646362,375075,4045302,11.2,8.7
2014,12,6,"04章","04章 乳品；蛋品；天然蜂蜜；其他食用动物产品",32390,359941,164342,3981436,6.5,22.5
2014,12,10,"07章","07章 食用蔬菜、根及块茎",518029,5052839,158255,1582695,3.4,-0.1
2014,12,11,"08章","08章 食用水果及坚果；甜瓜或柑桔属水果的果皮",360442,2651886,359681,3157249,2.6,23.9
2014,12,13,"10章","10章 谷物",47221,273680,443208,3790516,-14.4,21
2014,12,14,"11章","11章 制粉工业产品；麦芽；淀粉；菊粉；面筋",32119,376081,56628,591866,-0.7,19
2014,12,19,"15章","15章 动、植物油、脂及其分解产品；精制的食用油脂；动、植物蜡",38722,395887,453692,5598270,5.1,-16.7
2014,12,38,"31章","31章 肥料",717375,5493400,179757,2058686,41.8,-1.9
2014,12,63,"51章","51章 羊毛、动物细毛或粗毛；马毛纱线及其机织物",113516,1548808,197993,2079178,-4.9,-9
2014,12,64,"52章","52章 棉花",817043,10013851,749995,7831207,-8.1,-26.8
2015,1,3,"01章","01章 活动物",4973,4973,74640,74640,-19.8,226.2
2015,1,4,"02章","02章 肉及食用杂碎",50971,50971,338755,338755,-7.6,0
2015,1,5,"03章","03章 鱼、甲壳动物、软体动物及其他水生无脊椎动物",835949,835949,309873,309873,-0.4,-5.8
2015,1,6,"04章","04章 乳品；蛋品；天然蜂蜜；其他食用动物产品",28963,28963,277632,277632,-14.5,-54.7
2015,1,10,"07章","07章 食用蔬菜、根及块茎",469646,469646,131750,131750,4.9,-19.6
2015,1,11,"08章","08章 食用水果及坚果；甜瓜或柑桔属水果的果皮",261466,261466,474900,474900,-17.2,19.1
2015,1,13,"10章","10章 谷物",15169,15169,427409,427409,-7.5,19.3
2015,1,14,"11章","11章 制粉工业产品；麦芽；淀粉；菊粉；面筋",33050,33050,53832,53832,6.2,-22.2
2015,1,19,"15章","15章 动、植物油、脂及其分解产品；精制的食用油脂；动、植物蜡",35959,35959,419629,419629,5.1,-29.6
2015,1,38,"31章","31章 肥料",473279,473279,180872,180872,116.9,24
2015,1,63,"51章","51章 羊毛、动物细毛或粗毛；马毛纱线及其机织物",122902,122902,168491,168491,-17.1,-1.7
2015,1,64,"52章","52章 棉花",772432,772432,609741,609741,-21.4,-21.6
2015,2,3,"01章","01章 活动物",29104,34077,19437,94078,-10.3,152.8
2015,2,4,"02章","02章 肉及食用杂碎",46089,97060,212892,551688,2.4,-1.2
2015,2,5,"03章","03章 鱼、甲壳动物、软体动物及其他水生无脊椎动物",598670,1434616,236754,546638,26.7,-3.2
2015,2,6,"04章","04章 乳品；蛋品；天然蜂蜜；其他食用动物产品",29904,58867,168891,446523,12.1,-58.4
2015,2,10,"07章","07章 食用蔬菜、根及块茎",365649,835114,162222,293972,18.3,-7.5
2015,2,11,"08章","08章 食用水果及坚果；甜瓜或柑桔属水果的果皮",159466,420932,395054,870208,-1.6,47.6
2015,2,13,"10章","10章 谷物",12340,27509,413217,840626,48.3,25.9
2015,2,14,"11章","11章 制粉工业产品；麦芽；淀粉；菊粉；面筋",27738,60788,34608,88440,10.4,-16.9
2015,2,19,"15章","15章 动、植物油、脂及其分解产品；精制的食用油脂；动、植物蜡",32423,68382,226804,646431,23.1,-41.8
2015,2,38,"31章","31章 肥料",478644,951942,161672,342544,87.7,16.9
2015,2,63,"51章","51章 羊毛、动物细毛或粗毛；马毛纱线及其机织物",110925,233814,81539,250030,4.3,-11.4
2015,2,64,"52章","52章 棉花",647576,1419992,418758,1028499,3.1,-28.1
2015,3,3,"01章","01章 活动物",27381,61458,19821,113886,-6.3,88.4
2015,3,4,"02章","02章 肉及食用杂碎",52066,149127,322246,873966,0.9,-0.2
2015,3,5,"03章","03章 鱼、甲壳动物、软体动物及其他水生无脊椎动物",451928,1886735,335939,882667,9.2,-4
2015,3,6,"04章","04章 乳品；蛋品；天然蜂蜜；其他食用动物产品",26706,85573,174729,621298,8.4,-61.6
2015,3,10,"07章","07章 食用蔬菜、根及块茎",374868,1209882,195781,489753,9.4,-7.2
2015,3,11,"08章","08章 食用水果及坚果；甜瓜或柑桔属水果的果皮",123954,544872,309975,1181169,-9.3,42.5
2015,3,13,"10章","10章 谷物",9146,36655,393235,1233812,22.2,26.2
2015,3,14,"11章","11章 制粉工业产品；麦芽；淀粉；菊粉；面筋",26488,87273,58906,147382,-2.3,-9.4
2015,3,19,"15章","15章 动、植物油、脂及其分解产品；精制的食用油脂；动、植物蜡",26750,95099,319285,965709,6.3,-39.3
2015,3,38,"31章","31章 肥料",559215,1511148,167809,510353,82,7.4
2015,3,63,"51章","51章 羊毛、动物细毛或粗毛；马毛纱线及其机织物",109458,343272,199759,449789,-8.8,0.9
2015,3,64,"52章","52章 棉花",558203,1978038,632414,1660863,-10.1,-22.4
2015,4,3,"01章","01章 活动物",30131,91588,23695,137510,-4.1,64.6
2015,4,4,"02章","02章 肉及食用杂碎",60513,209640,332830,1206856,3.8,-2.5
2015,4,5,"03章","03章 鱼、甲壳动物、软体动物及其他水生无脊椎动物",612120,2498679,385849,1268493,2.9,-4.8
2015,4,6,"04章","04章 乳品；蛋品；天然蜂蜜；其他食用动物产品",30729,116305,173969,795302,9.7,-61.9
2015,4,10,"07章","07章 食用蔬菜、根及块茎",445662,1655482,197546,687299,8.4,-2.7
2015,4,11,"08章","08章 食用水果及坚果；甜瓜或柑桔属水果的果皮",130800,675649,361759,1543140,-8.1,37.8
2015,4,13,"10章","10章 谷物",22280,58935,508106,1742000,40.4,30.7
2015,4,14,"11章","11章 制粉工业产品；麦芽；淀粉；菊粉；面筋",30035,117303,73092,220474,-5.9,2.6
2015,4,19,"15章","15章 动、植物油、脂及其分解产品；精制的食用油脂；动、植物蜡",34123,129225,398912,1364521,6.5,-34.6
2015,4,38,"31章","31章 肥料",426581,1939342,212864,723218,57.9,12.7
2015,4,63,"51章","51章 羊毛、动物细毛或粗毛；马毛纱线及其机织物",140034,483307,222568,672363,-12.8,3.9
2015,4,64,"52章","52章 棉花",853946,2831704,626924,2287733,-11,-20.5
2015,5,3,"01章","01章 活动物",25600,117188,16827,154347,-2.9,14.1
2015,5,4,"02章","02章 肉及食用杂碎",55807,265447,308397,1515340,0.7,-4.9
2015,5,5,"03章","03章 鱼、甲壳动物、软体动物及其他水生无脊椎动物",678989,3177664,297873,1566400,0.6,-7.2
2015,5,6,"04章","04章 乳品；蛋品；天然蜂蜜；其他食用动物产品",28736,145052,161969,957213,9.3,-61.2
2015,5,10,"07章","07章 食用蔬菜、根及块茎",457551,2112993,176933,864238,8.6,5.9
2015,5,11,"08章","08章 食用水果及坚果；甜瓜或柑桔属水果的果皮",128242,803816,384352,1927277,-5.6,36.1
2015,5,13,"10章","10章 谷物",9019,67954,520873,2262456,11.5,36.3
2015,5,14,"11章","11章 制粉工业产品；麦芽；淀粉；菊粉；面筋",30478,147781,48963,269438,-6.4,8.6
2015,5,19,"15章","15章 动、植物油、脂及其分解产品；精制的食用油脂；动、植物蜡",36143,165362,382344,1746530,5.3,-32.2
2015,5,38,"31章","31章 肥料",639785,2579145,152098,875315,72.4,-1.4
2015,5,63,"51章","51章 羊毛、动物细毛或粗毛；马毛纱线及其机织物",146481,629786,210374,882453,-13.5,3.7
2015,5,64,"52章","52章 棉花",895449,3726880,558631,2846343,-8.5,-18.9
2015,6,3,"01章","01章 活动物",28236,145424,13614,167961,-2.5,2.8
2015,6,4,"02章","02章 肉及食用杂碎",59875,325322,323870,1839360,0.8,-1.3
2015,6,5,"03章","03章 鱼、甲壳动物、软体动物及其他水生无脊椎动物",632313,3809632,286437,1852768,-0.7,-6
2015,6,6,"04章","04章 乳品；蛋品；天然蜂蜜；其他食用动物产品",29335,174307,148278,1105500,9.5,-60.2
2015,6,10,"07章","07章 食用蔬菜、根及块茎",464143,2577077,149874,1014104,7.8,11.2
2015,6,11,"08章","08章 食用水果及坚果；甜瓜或柑桔属水果的果皮",149938,953447,336955,2264478,-1.2,35.6
2015,6,13,"10章","10章 谷物",19147,87101,663630,2925610,23,52.4
2015,6,14,"11章","11章 制粉工业产品；麦芽；淀粉；菊粉；面筋",30409,178184,46648,316087,-6.4,15.1
2015,6,19,"15章","15章 动、植物油、脂及其分解产品；精制的食用油脂；动、植物蜡",32110,197472,486278,2232864,5,-26.2
2015,6,38,"31章","31章 肥料",480823,3059770,145620,1020800,68.5,-2.5
2015,6,63,"51章","51章 羊毛、动物细毛或粗毛；马毛纱线及其机织物",124861,754472,248795,1131334,-12.5,7.9
2015,6,64,"52章","52章 棉花",792651,4519396,577099,3423326,-6.9,-17.4
2015,7,3,"01章","01章 活动物",28398,173823,22746,190555,-2.5,-9.7
2015,7,4,"02章","02章 肉及食用杂碎",54953,380318,358803,2198360,-0.2,1.6
2015,7,5,"03章","03章 鱼、甲壳动物、软体动物及其他水生无脊椎动物",600750,4410467,306375,2158191,-3,-5.1
2015,7,6,"04章","04章 乳品；蛋品；天然蜂蜜；其他食用动物产品",33474,207781,182313,1287925,8.6,-58.2
2015,7,10,"07章","07章 食用蔬菜、根及块茎",483015,3060139,147975,1162012,8.2,12.3
2015,7,11,"08章","08章 食用水果及坚果；甜瓜或柑桔属水果的果皮",211136,1164574,257226,2521947,2.3,30.9
2015,7,13,"10章","10章 谷物",4711,91812,682034,3607286,5.7,62.3
2015,7,14,"11章","11章 制粉工业产品；麦芽；淀粉；菊粉；面筋",27794,205942,47509,363497,-7.9,16.2
2015,7,19,"15章","15章 动、植物油、脂及其分解产品；精制的食用油脂；动、植物蜡",32939,230411,597767,2830341,3.9,-21.1
2015,7,38,"31章","31章 肥料",570180,3630476,226711,1247337,62.4,2.7
2015,7,63,"51章","51章 羊毛、动物细毛或粗毛；马毛纱线及其机织物",116088,870560,252032,1383378,-12.2,10.9
2015,7,64,"52章","52章 棉花",816032,5335475,552943,3976314,-5.9,-19
2015,8,3,"01章","01章 活动物",30766,204589,31758,222313,-1.6,-22.2
2015,8,4,"02章","02章 肉及食用杂碎",52779,433097,346860,2545361,-1.9,3.6
2015,8,5,"03章","03章 鱼、甲壳动物、软体动物及其他水生无脊椎动物",638917,5049068,302919,2460898,-4.4,-5.6
2015,8,6,"04章","04章 乳品；蛋品；天然蜂蜜；其他食用动物产品",30605,238553,147662,1435642,2.8,-56.6
2015,8,10,"07章","07章 食用蔬菜、根及块茎",478332,3538474,108018,1270080,8.7,10.4
2015,8,11,"08章","08章 食用水果及坚果；甜瓜或柑桔属水果的果皮",271690,1436267,267778,2790564,8.2,27.5
2015,8,13,"10章","10章 谷物",10084,101897,425379,4032216,2,65.4
2015,8,14,"11章","11章 制粉工业产品；麦芽；淀粉；菊粉；面筋",25336,231278,35229,398691,-8.1,10.4
2015,8,19,"15章","15章 动、植物油、脂及其分解产品；精制的食用油脂；动、植物蜡",30941,261352,391671,3221581,1.8,-19.9
2015,8,38,"31章","31章 肥料",522945,4153356,233365,1480701,46.3,6.1
2015,8,63,"51章","51章 羊毛、动物细毛或粗毛；马毛纱线及其机织物",98682,969205,182640,1565264,-12.9,10.8
2015,8,64,"52章","52章 棉花",870412,6205387,484816,4461247,-5.4,-19.5
2015,9,3,"01章","01章 活动物",32003,236591,43564,265877,-0.9,-26.6
2015,9,4,"02章","02章 肉及食用杂碎",55282,488379,420062,2965538,-3.8,7.7
2015,9,5,"03章","03章 鱼、甲壳动物、软体动物及其他水生无脊椎动物",745001,5794055,424074,2883672,-3.9,-4.2
2015,9,6,"04章","04章 乳品；蛋品；天然蜂蜜；其他食用动物产品",35475,274483,153273,1589448,4.2,-54.3
2015,9,10,"07章","07章 食用蔬菜、根及块茎",443078,3981505,57260,1326987,9.3,6.3
2015,9,11,"08章","08章 食用水果及坚果；甜瓜或柑桔属水果的果皮",350485,1786752,264521,3055781,12.2,26.5
2015,9,13,"10章","10章 谷物",33918,135815,552408,4584617,8.7,62.9
2015,9,14,"11章","11章 制粉工业产品；麦芽；淀粉；菊粉；面筋",29253,260530,48792,447476,-9,5.5
2015,9,19,"15章","15章 动、植物油、脂及其分解产品；精制的食用油脂；动、植物蜡",37331,298647,452333,3673742,2.3,-16.9
2015,9,38,"31章","31章 肥料",726218,4879621,161788,1642455,43.2,10.2
2015,9,63,"51章","51章 羊毛、动物细毛或粗毛；马毛纱线及其机织物",113881,1083181,136980,1702320,-11.2,10.5
2015,9,64,"52章","52章 棉花",935045,7140350,492096,4953450,-4,-18.8
2015,10,3,"01章","01章 活动物",35424,272016,15235,281112,0.8,-31.1
2015,10,4,"02章","02章 肉及食用杂碎",52568,540946,382114,3347576,-5.8,11.4
2015,10,5,"03章","03章 鱼、甲壳动物、软体动物及其他水生无脊椎动物",706614,6500542,338516,3221160,-5.1,-4.1
2015,10,6,"04章","04章 乳品；蛋品；天然蜂蜜；其他食用动物产品",32545,307051,121315,1710750,4.5,-53.1
2015,10,10,"07章","07章 食用蔬菜、根及块茎",483497,4463799,87292,1414290,10,5.6
2015,10,11,"08章","08章 食用水果及坚果；甜瓜或柑桔属水果的果皮",498476,2256051,184098,3239972,17.3,24.9
2015,10,13,"10章","10章 谷物",18350,154165,427799,5012383,-3.2,63.7
2015,10,14,"11章","11章 制粉工业产品；麦芽；淀粉；菊粉；面筋",31502,292033,34979,482462,-7.3,1
2015,10,19,"15章","15章 动、植物油、脂及其分解产品；精制的食用油脂；动、植物蜡",38252,336900,326750,3999626,3.9,-15.8
2015,10,38,"31章","31章 肥料",484863,5364584,249098,1891552,33.5,11.6
2015,10,63,"51章","51章 羊毛、动物细毛或粗毛；马毛纱线及其机织物",108563,1191744,134635,1837011,-10.8,7.7
2015,10,64,"52章","52章 棉花",951266,8091335,399647,5353063,-2.8,-18.8
2015,11,3,"01章","01章 活动物",37199,309215,14736,295540,2.1,-35.8
2015,11,4,"02章","02章 肉及食用杂碎",47588,588535,382531,3730268,-8.9,14.3
2015,11,5,"03章","03章 鱼、甲壳动物、软体动物及其他水生无脊椎动物",815290,7315844,323412,3538650,-5.4,-3.6
2015,11,6,"04章","04章 乳品；蛋品；天然蜂蜜；其他食用动物产品",30864,337980,166167,1876916,3.2,-50.8
2015,11,10,"07章","07章 食用蔬菜、根及块茎",501771,4965440,85917,1500216,9.5,5.3
2015,11,11,"08章","08章 食用水果及坚果；甜瓜或柑桔属水果的果皮",452795,2708317,196775,3437026,18.2,22.8
2015,11,13,"10章","10章 谷物",23869,177896,386818,5399203,-21.4,61.3
2015,11,14,"11章","11章 制粉工业产品；麦芽；淀粉；菊粉；面筋",35852,327884,42847,525309,-4.7,-1.8
2015,11,19,"15章","15章 动、植物油、脂及其分解产品；精制的食用油脂；动、植物蜡",32183,369082,393270,4392839,3.3,-14.6
2015,11,38,"31章","31章 肥料",626905,5991486,245504,2137213,25.4,13.7
2015,11,63,"51章","51章 羊毛、动物细毛或粗毛；马毛纱线及其机织物",93281,1285152,148439,1985618,-10.5,5.5
2015,11,64,"52章","52章 棉花",841984,8932372,421244,5774320,-2.9,-18.5
2015,12,3,"01章","01章 活动物",62362,371577,46168,340929,3.3,-33.6
2015,12,4,"02章","02章 肉及食用杂碎",67259,655692,500570,4231047,-9.7,17.9
2015,12,5,"03章","03章 鱼、甲壳动物、软体动物及其他水生无脊椎动物",965638,8281332,392120,3934073,-4.2,-2.7
2015,12,6,"04章","04章 乳品；蛋品；天然蜂蜜；其他食用动物产品",37723,376001,172575,2049117,4.4,-48.5
2015,12,10,"07章","07章 食用蔬菜、根及块茎",639056,5604317,118591,1618804,10.9,2.3
2015,12,11,"08章","08章 食用水果及坚果；甜瓜或柑桔属水果的果皮",517435,3225558,284396,3721150,21.6,17.8
2015,12,13,"10章","10章 谷物",22579,200475,391461,5790747,-26.7,52.8
2015,12,14,"11章","11章 制粉工业产品；麦芽；淀粉；菊粉；面筋",40745,368188,65627,590747,-2.1,-0.2
2015,12,19,"15章","15章 动、植物油、脂及其分解产品；精制的食用油脂；动、植物蜡",44934,414016,505004,4897875,4.6,-12.5
2015,12,38,"31章","31章 肥料",723476,6714267,306566,2442801,22.4,18.7
2015,12,63,"51章","51章 羊毛、动物细毛或粗毛；马毛纱线及其机织物",129066,1414188,130490,2116067,-8.7,1.8
2015,12,64,"52章","52章 棉花",882587,9812844,581726,6355886,-2,-18.8
2016,1,3,"01章","01章 活动物",10214,10214,7163,7163,105.4,-90.4
2016,1,4,"02章","02章 肉及食用杂碎",40132,40132,498324,498324,-21.3,47.1
2016,1,5,"03章","03章 鱼、甲壳动物、软体动物及其他水生无脊椎动物",829420,829420,362967,362967,-0.8,17.1
2016,1,6,"04章","04章 乳品；蛋品；天然蜂蜜；其他食用动物产品",37941,37941,358707,358707,28.9,29.3
2016,1,10,"07章","07章 食用蔬菜、根及块茎",489646,489646,105280,105280,4.3,-20.1
2016,1,11,"08章","08章 食用水果及坚果；甜瓜或柑桔属水果的果皮",364289,364289,516323,516323,39.3,8.4
2016,1,13,"10章","10章 谷物",14772,14772,349249,349249,-2.6,-18.1
2016,1,14,"11章","11章 制粉工业产品；麦芽；淀粉；菊粉；面筋",31877,31877,51022,51022,-3.5,-5.3
2016,1,19,"15章","15章 动、植物油、脂及其分解产品；精制的食用油脂；动、植物蜡",31256,31256,352411,352411,-13.1,-16
2016,1,38,"31章","31章 肥料",386121,386121,245583,245583,-18.4,36.5
2016,1,63,"51章","51章 羊毛、动物细毛或粗毛；马毛纱线及其机织物",113735,113735,168094,168094,-7.3,-0.3
2016,1,64,"52章","52章 棉花",882234,882234,416091,416091,14.3,-31.8
2016,2,3,"01章","01章 活动物",31264,41478,6707,13870,21.7,-85.2
2016,2,4,"02章","02章 肉及食用杂碎",37322,77453,343303,841638,-20.2,52.5
2016,2,5,"03章","03章 鱼、甲壳动物、软体动物及其他水生无脊椎动物",486228,1315648,278252,641196,-8.3,17.3
2016,2,6,"04章","04章 乳品；蛋品；天然蜂蜜；其他食用动物产品",29781,67722,164832,523537,14,17.3
2016,2,10,"07章","07章 食用蔬菜、根及块茎",384505,874150,99542,204822,4.7,-30.3
2016,2,11,"08章","08章 食用水果及坚果；甜瓜或柑桔属水果的果皮",198987,563276,263986,780439,33.8,-10.5
2016,2,13,"10章","10章 谷物",9044,23816,206266,555420,-13.4,-33.8
2016,2,14,"11章","11章 制粉工业产品；麦芽；淀粉；菊粉；面筋",26716,58583,33859,84882,-3.6,-4.1
2016,2,19,"15章","15章 动、植物油、脂及其分解产品；精制的食用油脂；动、植物蜡",25435,56691,282557,634970,-17.1,-1.7
2016,2,38,"31章","31章 肥料",204334,590445,138918,384514,-38,12.6
2016,2,63,"51章","51章 羊毛、动物细毛或粗毛；马毛纱线及其机织物",101837,215572,99028,267122,-7.7,6.7
2016,2,64,"52章","52章 棉花",585225,1467360,291734,707824,3.4,-31.2
2016,3,3,"01章","01章 活动物",35550,77028,18897,32768,25.3,-71.2
2016,3,4,"02章","02章 肉及食用杂碎",46404,123866,500840,1342563,-16.9,53.6
2016,3,5,"03章","03章 鱼、甲壳动物、软体动物及其他水生无脊椎动物",669147,1984304,378506,1019642,5.2,15.6
2016,3,6,"04章","04章 乳品；蛋品；天然蜂蜜；其他食用动物产品",32145,99867,217229,740696,15.8,19.2
2016,3,10,"07章","07章 食用蔬菜、根及块茎",538724,1412950,135670,340469,16.8,-30.5
2016,3,11,"08章","08章 食用水果及坚果；甜瓜或柑桔属水果的果皮",237119,800232,286526,1067504,46.9,-9.7
2016,3,13,"10章","10章 谷物",17391,41207,408019,963427,12.4,-21.9
2016,3,14,"11章","11章 制粉工业产品；麦芽；淀粉；菊粉；面筋",34660,93243,60831,145733,6.8,-1.1
2016,3,19,"15章","15章 动、植物油、脂及其分解产品；精制的食用油脂；动、植物蜡",38703,95394,381290,1015970,0.3,5.2
2016,3,38,"31章","31章 肥料",338023,928468,144424,528938,-38.6,3.9
2016,3,63,"51章","51章 羊毛、动物细毛或粗毛；马毛纱线及其机织物",120271,335844,184697,451819,-2.1,0.5
2016,3,64,"52章","52章 棉花",871063,2338183,445931,1153670,18.3,-30.5
2016,4,3,"01章","01章 活动物",30430,107458,40266,73034,17.3,-46.8
2016,4,4,"02章","02章 肉及食用杂碎",46885,170751,516830,1859612,-18.6,54
2016,4,5,"03章","03章 鱼、甲壳动物、软体动物及其他水生无脊椎动物",691052,2675242,354684,1374402,7.1,8.4
2016,4,6,"04章","04章 乳品；蛋品；天然蜂蜜；其他食用动物产品",30279,130145,174085,914778,11.2,15
2016,4,10,"07章","07章 食用蔬菜、根及块茎",494672,1907630,110168,450637,15.2,-34.4
2016,4,11,"08章","08章 食用水果及坚果；甜瓜或柑桔属水果的果皮",191033,991319,383100,1450807,46.8,-6
2016,4,13,"10章","10章 谷物",22502,63709,447716,1411143,8.1,-18.9
2016,4,14,"11章","11章 制粉工业产品；麦芽；淀粉；菊粉；面筋",32233,125477,65074,210780,7,-4.4
2016,4,19,"15章","15章 动、植物油、脂及其分解产品；精制的食用油脂；动、植物蜡",35379,130774,340793,1356758,1.2,-0.5
2016,4,38,"31章","31章 肥料",303253,1231991,185864,714803,-36.5,-1
2016,4,63,"51章","51章 羊毛、动物细毛或粗毛；马毛纱线及其机织物",156864,492704,205135,656954,2,-2.3
2016,4,64,"52章","52章 棉花",928938,3266483,417070,1570746,15.4,-31.3
2016,5,3,"01章","01章 活动物",30569,138027,4751,77970,17.8,-49.3
2016,5,4,"02章","02章 肉及食用杂碎",50370,221121,626071,2485842,-16.7,64
2016,5,5,"03章","03章 鱼、甲壳动物、软体动物及其他水生无脊椎动物",784598,3459695,342932,1717602,8.9,9.6
2016,5,6,"04章","04章 乳品；蛋品；天然蜂蜜；其他食用动物产品",28775,158819,177165,1091943,8.7,14.1
2016,5,10,"07章","07章 食用蔬菜、根及块茎",601753,2509173,107708,558338,18.8,-35.4
2016,5,11,"08章","08章 食用水果及坚果；甜瓜或柑桔属水果的果皮",165838,1145471,414744,1867252,42.6,-3.2
2016,5,13,"10章","10章 谷物",26221,89930,464877,1876145,32.3,-17
2016,5,14,"11章","11章 制粉工业产品；麦芽；淀粉；菊粉；面筋",28279,153689,45478,256175,4,-4.9
2016,5,19,"15章","15章 动、植物油、脂及其分解产品；精制的食用油脂；动、植物蜡",30924,158156,281814,1638435,-4.3,-6.2
2016,5,38,"31章","31章 肥料",337151,1567509,90093,804643,-39.2,-7.9
2016,5,63,"51章","51章 羊毛、动物细毛或粗毛；马毛纱线及其机织物",166922,658265,206735,863688,4.6,-2.1
2016,5,64,"52章","52章 棉花",934613,4194901,417450,1988189,12.6,-30.1
2016,6,3,"01章","01章 活动物",35511,173538,20727,98686,19.3,-41.1
2016,6,4,"02章","02章 肉及食用杂碎",49407,270485,707126,3193235,-16.9,73.5
2016,6,5,"03章","03章 鱼、甲壳动物、软体动物及其他水生无脊椎动物",687694,4147287,312736,2030339,8.9,9.9
2016,6,6,"04章","04章 乳品；蛋品；天然蜂蜜；其他食用动物产品",28413,187218,183918,1275861,6.7,15.4
2016,6,10,"07章","07章 食用蔬菜、根及块茎",593649,3102523,123951,682278,20.4,-32.7
2016,6,11,"08章","08章 食用水果及坚果；甜瓜或柑桔属水果的果皮",177833,1318963,304479,2172501,38.3,-4.1
2016,6,13,"10章","10章 谷物",11893,101823,308200,2184645,16.9,-25.3
2016,6,14,"11章","11章 制粉工业产品；麦芽；淀粉；菊粉；面筋",28771,182454,39584,295763,2.9,-6.4
2016,6,19,"15章","15章 动、植物油、脂及其分解产品；精制的食用油脂；动、植物蜡",32392,186793,329605,1967975,-5.4,-11.8
2016,6,38,"31章","31章 肥料",379344,1944159,86343,890973,-36.5,-12.6
2016,6,63,"51章","51章 羊毛、动物细毛或粗毛；马毛纱线及其机织物",144033,791980,221278,1084794,5,-4.1
2016,6,64,"52章","52章 棉花",791646,4957401,400611,2388493,9.7,-30.2
2016,7,3,"01章","01章 活动物",36429,209967,29648,128333,20.8,-32.3
2016,7,4,"02章","02章 肉及食用杂碎",51554,322039,676015,3869503,-15.3,76
2016,7,5,"03章","03章 鱼、甲壳动物、软体动物及其他水生无脊椎动物",753070,4900240,323675,2354188,11.1,9.4
2016,7,6,"04章","04章 乳品；蛋品；天然蜂蜜；其他食用动物产品",29657,216875,181544,1457384,3.8,13.2
2016,7,10,"07章","07章 食用蔬菜、根及块茎",633142,3735294,79580,761858,22.1,-34.4
2016,7,11,"08章","08章 食用水果及坚果；甜瓜或柑桔属水果的果皮",299219,1616160,249878,2424311,38.8,-3.9
2016,7,13,"10章","10章 谷物",11959,113781,207534,2391774,23.9,-33.7
2016,7,14,"11章","11章 制粉工业产品；麦芽；淀粉；菊粉；面筋",27140,209590,33580,329344,2.3,-9.4
2016,7,19,"15章","15章 动、植物油、脂及其分解产品；精制的食用油脂；动、植物蜡",30652,216674,355174,2323174,-6,-17.9
2016,7,38,"31章","31章 肥料",370561,2314491,92131,983104,-36.2,-21.1
2016,7,63,"51章","51章 羊毛、动物细毛或粗毛；马毛纱线及其机织物",124239,916119,183336,1268133,5.2,-8.3
2016,7,64,"52章","52章 棉花",827047,5778700,439319,2827779,8.3,-28.9
2016,8,3,"01章","01章 活动物",38194,248161,43150,171483,21.3,-22.5
2016,8,4,"02章","02章 肉及食用杂碎",48902,370941,719627,4589350,-14.4,80.3
2016,8,5,"03章","03章 鱼、甲壳动物、软体动物及其他水生无脊椎动物",762573,5662566,427404,2781686,12.2,13.5
2016,8,6,"04章","04章 乳品；蛋品；天然蜂蜜；其他食用动物产品",38560,255434,174587,1631919,6.6,13.7
2016,8,10,"07章","07章 食用蔬菜、根及块茎",622088,4355000,58799,820354,23.1,-35.4
2016,8,11,"08章","08章 食用水果及坚果；甜瓜或柑桔属水果的果皮",340671,1956515,258765,2682917,39,-3.9
2016,8,13,"10章","10章 谷物",14765,128547,263620,2655481,26.2,-34.1
2016,8,14,"11章","11章 制粉工业产品；麦芽；淀粉；菊粉；面筋",34451,244041,38901,368244,6.2,-7.6
2016,8,19,"15章","15章 动、植物油、脂及其分解产品；精制的食用油脂；动、植物蜡",33325,249996,436862,2759800,-4.3,-14.3
2016,8,38,"31章","31章 肥料",478332,2791529,62924,1045984,-32.8,-29.3
2016,8,63,"51章","51章 羊毛、动物细毛或粗毛；马毛纱线及其机织物",122289,1037878,163823,1431461,7.1,-8.6
2016,8,64,"52章","52章 棉花",928758,6705916,437095,3264656,8.1,-26.8
2016,9,3,"01章","01章 活动物",41452,289613,22838,194364,22.4,-26.6
2016,9,4,"02章","02章 肉及食用杂碎",50988,421929,555146,5144785,-13.6,73.5
2016,9,5,"03章","03章 鱼、甲壳动物、软体动物及其他水生无脊椎动物",735568,6398146,445341,3227011,10.4,12.3
2016,9,6,"04章","04章 乳品；蛋品；天然蜂蜜；其他食用动物产品",30600,286034,136350,1768250,4,11.3
2016,9,10,"07章","07章 食用蔬菜、根及块茎",586427,4940004,99607,919976,24.1,-30.7
2016,9,11,"08章","08章 食用水果及坚果；甜瓜或柑桔属水果的果皮",339280,2295620,292695,2975757,30.6,-2.6
2016,9,13,"10章","10章 谷物",32247,160793,346186,3001668,18.4,-34.5
2016,9,14,"11章","11章 制粉工业产品；麦芽；淀粉；菊粉；面筋",29208,273224,45584,413816,5.6,-7.5
2016,9,19,"15章","15章 动、植物油、脂及其分解产品；精制的食用油脂；动、植物蜡",32423,282157,411122,3170811,-5.5,-13.7
2016,9,38,"31章","31章 肥料",327765,3119441,94278,1140259,-36.1,-30.5
2016,9,63,"51章","51章 羊毛、动物细毛或粗毛；马毛纱线及其机织物",85622,1123466,121475,1552891,3.7,-8.8
2016,9,64,"52章","52章 棉花",768229,7473997,410792,3675414,4.7,-25.8
2016,10,3,"01章","01章 活动物",34621,324232,12463,206868,19.2,-26.1
2016,10,4,"02章","02章 肉及食用杂碎",51077,473001,504091,5648376,-12.6,68.7
2016,10,5,"03章","03章 鱼、甲壳动物、软体动物及其他水生无脊椎动物",776204,7174082,443222,3669431,10.4,14.1
2016,10,6,"04章","04章 乳品；蛋品；天然蜂蜜；其他食用动物产品",28651,314742,135840,1903948,2.3,11.3
2016,10,10,"07章","07章 食用蔬菜、根及块茎",595705,5533213,86004,949109,24,-32.9
2016,10,11,"08章","08章 食用水果及坚果；甜瓜或柑桔属水果的果皮",379134,2667358,243938,3219746,18.3,-0.6
2016,10,13,"10章","10章 谷物",32321,193115,225978,3227689,25.4,-35.6
2016,10,14,"11章","11章 制粉工业产品；麦芽；淀粉；菊粉；面筋",28805,302019,44745,458562,4.2,-4.9
2016,10,19,"15章","15章 动、植物油、脂及其分解产品；精制的食用油脂；动、植物蜡",30189,305519,351403,3521836,-9.3,-11.9
2016,10,38,"31章","31章 肥料",374627,3501310,113850,1254109,-34.7,-33.7
2016,10,63,"51章","51章 羊毛、动物细毛或粗毛；马毛纱线及其机织物",94970,1212390,145796,1698827,1.7,-7.5
2016,10,64,"52章","52章 棉花",792725,8240986,358693,4037046,1.9,-24.6
2016,11,3,"01章","01章 活动物",38902,363129,19118,225958,17.4,-23.3
2016,11,4,"02章","02章 肉及食用杂碎",55882,528879,546328,6194906,-10.1,66
2016,11,5,"03章","03章 鱼、甲壳动物、软体动物及其他水生无脊椎动物",926579,8100474,433803,4103416,10.7,15.9
2016,11,6,"04章","04章 乳品；蛋品；天然蜂蜜；其他食用动物产品",36396,351150,207567,2111253,3.7,12.5
2016,11,10,"07章","07章 食用蔬菜、根及块茎",699152,6230561,94994,1044103,25.5,-30.4
2016,11,11,"08章","08章 食用水果及坚果；甜瓜或柑桔属水果的果皮",438616,3105852,265658,3477893,14.7,1.2
2016,11,13,"10章","10章 谷物",45699,238814,203667,3431429,34.2,-36.4
2016,11,14,"11章","11章 制粉工业产品；麦芽；淀粉；菊粉；面筋",33637,335610,53336,511916,3.1,-2.5
2016,11,19,"15章","15章 动、植物油、脂及其分解产品；精制的食用油脂；动、植物蜡",35221,340139,499203,4019026,-7.9,-8.5
2016,11,38,"31章","31章 肥料",370539,3860831,150037,1403747,-35.5,-34.3
2016,11,63,"51章","51章 羊毛、动物细毛或粗毛；马毛纱线及其机织物",93036,1304931,178155,1876946,1.5,-5.5
2016,11,64,"52章","52章 棉花",785903,9021590,460153,4491146,1,-22.2
2016,12,3,"01章","01章 活动物",63630,426748,46150,262574,14.8,-23
2016,12,4,"02章","02章 肉及食用杂碎",66793,595688,576011,6772119,-9.2,60
2016,12,5,"03章","03章 鱼、甲壳动物、软体动物及其他水生无脊椎动物",943701,9044150,452721,4570671,9.2,16.1
2016,12,6,"04章","04章 乳品；蛋品；天然蜂蜜；其他食用动物产品",37464,388706,206117,2317561,3.3,13.1
2016,12,10,"07章","07章 食用蔬菜、根及块茎",738838,6966465,107916,1227569,24.3,-24.2
2016,12,11,"08章","08章 食用水果及坚果；甜瓜或柑桔属水果的果皮",527409,3637649,374737,3854498,12.8,3.5
2016,12,13,"10章","10章 谷物",25989,264803,291419,3722872,32.1,-35.7
2016,12,14,"11章","11章 制粉工业产品；麦芽；淀粉；菊粉；面筋",37486,373088,77161,589088,1.9,-0.3
2016,12,19,"15章","15章 动、植物油、脂及其分解产品；精制的食用油脂；动、植物蜡",45308,385214,639648,4658637,-7,-4.9
2016,12,38,"31章","31章 肥料",425835,4286375,186810,1590557,-36.2,-34.9
2016,12,63,"51章","51章 羊毛、动物细毛或粗毛；马毛纱线及其机织物",96408,1407333,197429,2074204,-0.5,-2
2016,12,64,"52章","52章 棉花",832615,9860264,619300,5110360,0.5,-19.6
2017,1,3,"01章","01章 活动物",5147,5147,17875,17875,-49.6,334.3
2017,1,4,"02章","02章 肉及食用杂碎",44983,44983,516472,516472,12.2,3.6
2017,1,5,"03章","03章 鱼、甲壳动物、软体动物及其他水生无脊椎动物",932223,932223,398276,398276,12.5,9.7
2017,1,6,"04章","04章 乳品；蛋品；天然蜂蜜；其他食用动物产品",36623,36623,397543,397543,-3.4,10.8
2017,1,10,"07章","07章 食用蔬菜、根及块茎",620953,620953,115376,115376,27,9.6
2017,1,11,"08章","08章 食用水果及坚果；甜瓜或柑桔属水果的果皮",378547,378547,527009,527009,5,2.1
2017,1,13,"10章","10章 谷物",30239,30239,327635,327635,104.7,-6.2
2017,1,14,"11章","11章 制粉工业产品；麦芽；淀粉；菊粉；面筋",25218,25218,57389,57389,-20.8,12.5
2017,1,19,"15章","15章 动、植物油、脂及其分解产品；精制的食用油脂；动、植物蜡",38049,38049,507605,507605,25.9,44.1
2017,1,38,"31章","31章 肥料",165152,165152,177349,177349,-57,-27.7
2017,1,63,"51章","51章 羊毛、动物细毛或粗毛；马毛纱线及其机织物",94645,94645,174474,174474,-16.5,3.9
2017,1,64,"52章","52章 棉花",884315,884315,508403,508403,1.1,22.3
2017,2,3,"01章","01章 活动物",32731,37877,25250,43125,-8.7,298.5
2017,2,4,"02章","02章 肉及食用杂碎",38797,83780,525900,1042344,8.2,23.7
2017,2,5,"03章","03章 鱼、甲壳动物、软体动物及其他水生无脊椎动物",382855,1315026,323351,721629,0,12.5
2017,2,6,"04章","04章 乳品；蛋品；天然蜂蜜；其他食用动物产品",28518,65142,273595,671167,-3.7,28.2
2017,2,10,"07章","07章 食用蔬菜、根及块茎",453405,1074396,91011,206402,23,0.8
2017,2,11,"08章","08章 食用水果及坚果；甜瓜或柑桔属水果的果皮",162896,541238,261233,790032,-1.9,1
2017,2,13,"10章","10章 谷物",21270,51509,336548,664189,116.3,19.6
2017,2,14,"11章","11章 制粉工业产品；麦芽；淀粉；菊粉；面筋",23643,48862,50360,107748,-16.5,26.9
2017,2,19,"15章","15章 动、植物油、脂及其分解产品；精制的食用油脂；动、植物蜡",27780,65857,418291,925876,26.8,45.9
2017,2,38,"31章","31章 肥料",314280,479400,193966,371315,-17.9,-3.4
2017,2,63,"51章","51章 羊毛、动物细毛或粗毛；马毛纱线及其机织物",72331,166976,146207,320681,-22.3,20.1
2017,2,64,"52章","52章 棉花",418669,1302597,539764,1048906,-10.3,48.3
2017,3,3,"01章","01章 活动物",29775,67653,6833,49958,-12.2,68.1
2017,3,4,"02章","02章 肉及食用杂碎",51849,135629,582096,1624489,9.5,20.9
2017,3,5,"03章","03章 鱼、甲壳动物、软体动物及其他水生无脊椎动物",750595,2065537,440444,1162268,4.1,13.8
2017,3,6,"04章","04章 乳品；蛋品；天然蜂蜜；其他食用动物产品",31374,96516,258956,929903,-3.3,25.6
2017,3,10,"07章","07章 食用蔬菜、根及块茎",610768,1683976,137536,342594,19.4,0.6
2017,3,11,"08章","08章 食用水果及坚果；甜瓜或柑桔属水果的果皮",213571,754771,305682,1095873,-4.2,2.3
2017,3,13,"10章","10章 谷物",40016,91524,400591,1064491,122.1,10.5
2017,3,14,"11章","11章 制粉工业产品；麦芽；淀粉；菊粉；面筋",32028,80908,71986,179736,-13.2,23.4
2017,3,19,"15章","15章 动、植物油、脂及其分解产品；精制的食用油脂；动、植物蜡",40130,104565,466511,1391593,17.3,37
2017,3,38,"31章","31章 肥料",297133,776259,180933,552093,-16.2,5
2017,3,63,"51章","51章 羊毛、动物细毛或粗毛；马毛纱线及其机织物",128245,295221,200939,521620,-11.9,15.5
2017,3,64,"52章","52章 棉花",974792,2277120,553913,1603643,-1.5,39
2017,4,3,"01章","01章 活动物",33924,101577,26869,76827,-5.5,17.5
2017,4,4,"02章","02章 肉及食用杂碎",59924,195553,542566,2167222,14.6,16.4
2017,4,5,"03章","03章 鱼、甲壳动物、软体动物及其他水生无脊椎动物",735949,2801434,406536,1564413,4.7,13.7
2017,4,6,"04章","04章 乳品；蛋品；天然蜂蜜；其他食用动物产品",29724,126240,242613,1172515,-2.9,28.2
2017,4,10,"07章","07章 食用蔬菜、根及块茎",642998,2326932,127136,469730,22.2,4.2
2017,4,11,"08章","08章 食用水果及坚果；甜瓜或柑桔属水果的果皮",194815,949586,361562,1457720,-3,0.3
2017,4,13,"10章","10章 谷物",19102,110626,446819,1511474,73.6,7.1
2017,4,14,"11章","11章 制粉工业产品；麦芽；淀粉；菊粉；面筋",25945,106856,50993,230595,-14.8,9.4
2017,4,19,"15章","15章 动、植物油、脂及其分解产品；精制的食用油脂；动、植物蜡",44709,149274,523152,1914654,19.9,41.1
2017,4,38,"31章","31章 肥料",270925,1047191,146719,698813,-14.8,-1.8
2017,4,63,"51章","51章 羊毛、动物细毛或粗毛；马毛纱线及其机织物",137721,432942,225505,747105,-11.8,13.8
2017,4,64,"52章","52章 棉花",952285,3228565,460085,2063710,-0.1,31.4
2017,5,3,"01章","01章 活动物",31784,133361,10061,86888,-3.4,23.9
2017,5,4,"02章","02章 肉及食用杂碎",51251,246787,569734,2736979,11.6,10
2017,5,5,"03章","03章 鱼、甲壳动物、软体动物及其他水生无脊椎动物",771853,3573280,458635,2022769,3.3,17.7
2017,5,6,"04章","04章 乳品；蛋品；天然蜂蜜；其他食用动物产品",31473,157713,264015,1436389,-0.7,31.6
2017,5,10,"07章","07章 食用蔬菜、根及块茎",623220,2949375,107722,593426,17.7,6.3
2017,5,11,"08章","08章 食用水果及坚果；甜瓜或柑桔属水果的果皮",163974,1113561,475379,1933218,-2.7,3.4
2017,5,13,"10章","10章 谷物",53713,164309,377303,1888805,82.7,0.7
2017,5,14,"11章","11章 制粉工业产品；麦芽；淀粉；菊粉；面筋",30688,137544,42510,273163,-10.5,6.6
2017,5,19,"15章","15章 动、植物油、脂及其分解产品；精制的食用油脂；动、植物蜡",46530,195804,413539,2321494,26,41.7
2017,5,38,"31章","31章 肥料",366390,1413577,58747,757560,-9.7,-5.5
2017,5,63,"51章","51章 羊毛、动物细毛或粗毛；马毛纱线及其机织物",136106,569043,274970,1021932,-12,18.4
2017,5,64,"52章","52章 棉花",956315,4183417,438856,2502556,0.8,25.9
2017,6,3,"01章","01章 活动物",32393,165753,8099,94987,-4.5,6.4
2017,6,4,"02章","02章 肉及食用杂碎",51149,297936,477202,3214218,10.1,0.6
2017,6,5,"03章","03章 鱼、甲壳动物、软体动物及其他水生无脊椎动物",759074,4330266,414622,2436956,4.4,20
2017,6,6,"04章","04章 乳品；蛋品；天然蜂蜜；其他食用动物产品",31894,189607,331088,1767992,1.3,38.6
2017,6,10,"07章","07章 食用蔬菜、根及块茎",705380,3655243,79281,672708,18,-1.4
2017,6,11,"08章","08章 食用水果及坚果；甜瓜或柑桔属水果的果皮",191976,1305539,356730,2290086,-1.3,5.3
2017,6,13,"10章","10章 谷物",51028,215337,355732,2244823,111.5,2.8
2017,6,14,"11章","11章 制粉工业产品；麦芽；淀粉；菊粉；面筋",34846,172390,48475,321630,-5.5,8.7
2017,6,19,"15章","15章 动、植物油、脂及其分解产品；精制的食用油脂；动、植物蜡",47085,244706,399401,2722422,30.1,38.4
2017,6,38,"31章","31章 肥料",463934,1873451,72312,829872,-3.7,-6.5
2017,6,63,"51章","51章 羊毛、动物细毛或粗毛；马毛纱线及其机织物",128158,697202,228838,1250690,-12.2,15.3
2017,6,64,"52章","52章 棉花",836854,5019306,442199,2945955,1.7,23.3
2017,7,3,"01章","01章 活动物",31728,197481,35143,130130,-5.9,9.5
2017,7,4,"02章","02章 肉及食用杂碎",48455,346391,519396,3733689,7.6,-3.6
2017,7,5,"03章","03章 鱼、甲壳动物、软体动物及其他水生无脊椎动物",691574,5021786,461188,2898208,2.5,23
2017,7,6,"04章","04章 乳品；蛋品；天然蜂蜜；其他食用动物产品",30823,220430,307950,2080016,1.6,42.8
2017,7,10,"07章","07章 食用蔬菜、根及块茎",639819,4294816,97457,770235,15.1,1.1
2017,7,11,"08章","08章 食用水果及坚果；甜瓜或柑桔属水果的果皮",242327,1547477,357978,2648376,-4.6,9.2
2017,7,13,"10章","10章 谷物",30752,246087,431448,2676276,116.3,11.9
2017,7,14,"11章","11章 制粉工业产品；麦芽；淀粉；菊粉；面筋",33985,206375,54955,376470,-1.5,14.3
2017,7,19,"15章","15章 动、植物油、脂及其分解产品；精制的食用油脂；动、植物蜡",49884,294591,346441,3068899,34.7,32.1
2017,7,38,"31章","31章 肥料",405412,2279192,102432,932304,-1.7,-4.9
2017,7,63,"51章","51章 羊毛、动物细毛或粗毛；马毛纱线及其机织物",116538,813401,215647,1466370,-11.3,15.7
2017,7,64,"52章","52章 棉花",807928,5826569,446686,3392583,1.2,19.9
2017,8,3,"01章","01章 活动物",33073,230554,31488,161618,-7.1,-0.3
2017,8,4,"02章","02章 肉及食用杂碎",54366,400758,499491,4233231,8,-7.8
2017,8,5,"03章","03章 鱼、甲壳动物、软体动物及其他水生无脊椎动物",745925,5767644,495352,3393810,1.9,21.9
2017,8,6,"04章","04章 乳品；蛋品；天然蜂蜜；其他食用动物产品",36746,257177,349897,2429793,0.6,48.9
2017,8,10,"07章","07章 食用蔬菜、根及块茎",616223,4911223,72693,845666,12.9,3.1
2017,8,11,"08章","08章 食用水果及坚果；甜瓜或柑桔属水果的果皮",279434,1826788,388530,3037423,-6.9,13.1
2017,8,13,"10章","10章 谷物",26739,272825,324515,3000794,97.7,13
2017,8,14,"11章","11章 制粉工业产品；麦芽；淀粉；菊粉；面筋",36068,242443,46875,423338,-0.6,15
2017,8,19,"15章","15章 动、植物油、脂及其分解产品；精制的食用油脂；动、植物蜡",55149,349682,449172,3518485,38.7,27.4
2017,8,38,"31章","31章 肥料",475393,2754531,116131,1048434,-1.5,0.5
2017,8,63,"51章","51章 羊毛、动物细毛或粗毛；马毛纱线及其机织物",120281,933673,194599,1655790,-10.1,15.7
2017,8,64,"52章","52章 棉花",884384,6709386,458036,3850607,0.4,17.8
2017,9,3,"01章","01章 活动物",31430,261984,12484,174120,-9.5,-5.9
2017,9,4,"02章","02章 肉及食用杂碎",44300,445058,447420,4680674,5.5,-9
2017,9,5,"03章","03章 鱼、甲壳动物、软体动物及其他水生无脊椎动物",689931,6457375,540929,3934693,0.9,21.7
2017,9,6,"04章","04章 乳品；蛋品；天然蜂蜜；其他食用动物产品",36079,293256,250231,2680027,2.5,51.6
2017,9,10,"07章","07章 食用蔬菜、根及块茎",613158,5524277,130994,976660,11.9,6.2
2017,9,11,"08章","08章 食用水果及坚果；甜瓜或柑桔属水果的果皮",351752,2178299,325341,3359060,-5.4,12.8
2017,9,13,"10章","10章 谷物",48938,321763,371150,3371945,89,12.3
2017,9,14,"11章","11章 制粉工业产品；麦芽；淀粉；菊粉；面筋",31518,273886,49974,473326,0.3,14.4
2017,9,19,"15章","15章 动、植物油、脂及其分解产品；精制的食用油脂；动、植物蜡",49234,398687,526291,4045639,40.1,27.5
2017,9,38,"31章","31章 肥料",309999,3064258,130257,1178683,-1.9,3.7
2017,9,63,"51章","51章 羊毛、动物细毛或粗毛；马毛纱线及其机织物",102159,1035815,146758,1802550,-7.8,16.1
2017,9,64,"52章","52章 棉花",886145,7573808,483301,4333867,1.6,17.8
2017,10,3,"01章","01章 活动物",30463,292447,15354,189474,-9.8,-4
2017,10,4,"02章","02章 肉及食用杂碎",51525,496583,482772,5163478,5,-8.6
2017,10,5,"03章","03章 鱼、甲壳动物、软体动物及其他水生无脊椎动物",746138,7203423,472771,4406959,0.4,19.7
2017,10,6,"04章","04章 乳品；蛋品；天然蜂蜜；其他食用动物产品",31855,325111,230190,2910239,3.2,52.9
2017,10,10,"07章","07章 食用蔬菜、根及块茎",621971,6146079,108509,1085169,11.1,6.7
2017,10,11,"08章","08章 食用水果及坚果；甜瓜或柑桔属水果的果皮",439033,2617258,233496,3592559,-2.4,11.5
2017,10,13,"10章","10章 谷物",38030,359793,309852,3681744,69.9,14.1
2017,10,14,"11章","11章 制粉工业产品；麦芽；淀粉；菊粉；面筋",32583,306468,46333,519659,1.5,13.3
2017,10,19,"15章","15章 动、植物油、脂及其分解产品；精制的食用油脂；动、植物蜡",57525,456212,445060,4491062,45.1,27.6
2017,10,38,"31章","31章 肥料",354235,3417875,139399,1318081,-2.3,5.4
2017,10,63,"51章","51章 羊毛、动物细毛或粗毛；马毛纱线及其机织物",100501,1136330,182439,1985008,-6.7,16.8
2017,10,64,"52章","52章 棉花",911844,8485087,459779,4793098,2.9,18.7
2017,11,3,"01章","01章 活动物",32975,325422,22766,212133,-10.4,-1.8
2017,11,4,"02章","02章 肉及食用杂碎",57902,554485,598154,5761726,4.8,-7
2017,11,5,"03章","03章 鱼、甲壳动物、软体动物及其他水生无脊椎动物",862696,8066190,494139,4901070,-0.4,19
2017,11,6,"04章","04章 乳品；蛋品；天然蜂蜜；其他食用动物产品",35067,360178,282593,3192785,2.5,51.2
2017,11,10,"07章","07章 食用蔬菜、根及块茎",695757,6841714,143841,1229010,9.9,9.8
2017,11,11,"08章","08章 食用水果及坚果；甜瓜或柑桔属水果的果皮",494056,3111287,328862,3921539,-0.3,12.4
2017,11,13,"10章","10章 谷物",53690,413483,293715,3975459,60.6,15.9
2017,11,14,"11章","11章 制粉工业产品；麦芽；淀粉；菊粉；面筋",40670,347138,62117,581890,3.5,13.7
2017,11,19,"15章","15章 动、植物油、脂及其分解产品；精制的食用油脂；动、植物蜡",52684,508896,564364,5055368,45.2,25.8
2017,11,38,"31章","31章 肥料",322352,3740131,133746,1451817,-3.4,3.7
2017,11,63,"51章","51章 羊毛、动物细毛或粗毛；马毛纱线及其机织物",99665,1235974,243633,2228364,-5.8,18.7
2017,11,64,"52章","52章 棉花",908583,9391164,509442,5302688,4,17.9
2017,12,3,"01章","01章 活动物",55208,380631,33437,245570,-10.8,-6.3
2017,12,4,"02章","02章 肉及食用杂碎",66622,620948,664207,6426002,4.2,-5.1
2017,12,5,"03章","03章 鱼、甲壳动物、软体动物及其他水生无脊椎动物",912452,8978297,551960,5452408,-0.7,19.2
2017,12,6,"04章","04章 乳品；蛋品；天然蜂蜜；其他食用动物产品",38341,398479,244871,3437855,2.5,48.3
2017,12,10,"07章","07章 食用蔬菜、根及块茎",721498,7566525,135645,1364653,8.6,11.2
2017,12,11,"08章","08章 食用水果及坚果；甜瓜或柑桔属水果的果皮",489480,3600431,403345,4329763,-1.3,12.1
2017,12,13,"10章","10章 谷物",42765,456193,367442,4342917,61,16.7
2017,12,14,"11章","11章 制粉工业产品；麦芽；淀粉；菊粉；面筋",41922,388691,75044,656965,4.2,11.5
2017,12,19,"15章","15章 动、植物油、脂及其分解产品；精制的食用油脂；动、植物蜡",61621,570678,547796,5607144,44.2,20.3
2017,12,38,"31章","31章 肥料",383267,4122007,135059,1586855,-4.1,0
2017,12,63,"51章","51章 羊毛、动物细毛或粗毛；马毛纱线及其机织物",120354,1356099,232149,2460502,-3.7,18.6
2017,12,64,"52章","52章 棉花",844896,10233404,535292,5837587,3.8,14.1
2018,1,3,"01章","01章 活动物",7038,7038,30468,30468,36.8,71.5
2018,1,4,"02章","02章 肉及食用杂碎",40124,40124,639760,639760,-10.8,23.8
2018,1,5,"03章","03章 鱼、甲壳动物、软体动物及其他水生无脊椎动物",919559,919559,575324,575324,-1.3,45.5
2018,1,6,"04章","04章 乳品；蛋品；天然蜂蜜；其他食用动物产品",36569,36569,604224,604224,-0.1,51.9
2018,1,10,"07章","07章 食用蔬菜、根及块茎",560193,560193,153772,153772,-9.8,34.8
2018,1,11,"08章","08章 食用水果及坚果；甜瓜或柑桔属水果的果皮",331349,331349,733976,733976,-12.3,38.7
2018,1,13,"10章","10章 谷物",54707,54707,382891,382891,81.2,16.9
2018,1,14,"11章","11章 制粉工业产品；麦芽；淀粉；菊粉；面筋",38645,38645,88581,88581,53.2,54.7
2018,1,19,"15章","15章 动、植物油、脂及其分解产品；精制的食用油脂；动、植物蜡",61777,61777,526309,526309,63.2,3.6
2018,1,38,"31章","31章 肥料",208228,208228,198765,198765,27.9,12.1
2018,1,63,"51章","51章 羊毛、动物细毛或粗毛；马毛纱线及其机织物",110839,110839,283395,283395,17.2,62.6
2018,1,64,"52章","52章 棉花",862956,862956,579261,579261,-2.3,13.8
2018,2,3,"01章","01章 活动物",30338,37375,8862,39330,-1.3,-8.6
2018,2,4,"02章","02章 肉及食用杂碎",39708,79832,433065,1072826,-4.7,2.9
2018,2,5,"03章","03章 鱼、甲壳动物、软体动物及其他水生无脊椎动物",546998,1466513,442503,1018179,11.6,41.9
2018,2,6,"04章","04章 乳品；蛋品；天然蜂蜜；其他食用动物产品",31681,68250,232193,836417,4.8,24.6
2018,2,10,"07章","07章 食用蔬菜、根及块茎",411172,971390,116717,270489,-9.7,22.4
2018,2,11,"08章","08章 食用水果及坚果；甜瓜或柑桔属水果的果皮",213704,545053,492499,1226475,1.1,55.2
2018,2,13,"10章","10章 谷物",39697,94403,247578,630469,83.5,-5.1
2018,2,14,"11章","11章 制粉工业产品；麦芽；淀粉；菊粉；面筋",32385,71030,60357,148938,45.3,38.4
2018,2,19,"15章","15章 动、植物油、脂及其分解产品；精制的食用油脂；动、植物蜡",53097,114874,340564,866876,76.3,-6.3
2018,2,38,"31章","31章 肥料",147991,356206,202171,400816,-25.3,8
2018,2,63,"51章","51章 羊毛、动物细毛或粗毛；马毛纱线及其机织物",109468,220307,123646,406754,32,26.9
2018,2,64,"52章","52章 棉花",728228,1591030,316686,895945,22.6,-14.6
2018,3,3,"01章","01章 活动物",27551,64926,14908,54238,-4,8.8
2018,3,4,"02章","02章 肉及食用杂碎",41376,121208,678199,1751022,-10.6,7.8
2018,3,5,"03章","03章 鱼、甲壳动物、软体动物及其他水生无脊椎动物",492952,1959418,539812,1558101,-5.1,33.9
2018,3,6,"04章","04章 乳品；蛋品；天然蜂蜜；其他食用动物产品",30337,98587,245380,1081682,2.2,16.3
2018,3,10,"07章","07章 食用蔬菜、根及块茎",568922,1540287,146822,417311,-8.7,16.4
2018,3,11,"08章","08章 食用水果及坚果；甜瓜或柑桔属水果的果皮",239002,784080,369767,1596237,4.2,45.6
2018,3,13,"10章","10章 谷物",32001,126405,367837,998306,38.2,-6.3
2018,3,14,"11章","11章 制粉工业产品；麦芽；淀粉；菊粉；面筋",43463,114492,73601,222538,41.5,23.8
2018,3,19,"15章","15章 动、植物油、脂及其分解产品；精制的食用油脂；动、植物蜡",50968,165842,391381,1257365,57.7,-9.4
2018,3,38,"31章","31章 肥料",257871,614255,168291,569378,-20.5,4.7
2018,3,63,"51章","51章 羊毛、动物细毛或粗毛；马毛纱线及其机织物",115596,335939,260941,667695,13.8,28
2018,3,64,"52章","52章 棉花",665992,2257126,493207,1389143,-0.2,-13.3
2018,4,3,"01章","01章 活动物",30042,94968,21588,75826,-6.5,-1.2
2018,4,4,"02章","02章 肉及食用杂碎",47024,168231,575595,2326551,-14,7.3
2018,4,5,"03章","03章 鱼、甲壳动物、软体动物及其他水生无脊椎动物",663362,2622713,637322,2195395,-6.3,39.9
2018,4,6,"04章","04章 乳品；蛋品；天然蜂蜜；其他食用动物产品",28013,126576,257678,1339359,0.3,14.1
2018,4,10,"07章","07章 食用蔬菜、根及块茎",590201,2130305,146298,563609,-8.5,16
2018,4,11,"08章","08章 食用水果及坚果；甜瓜或柑桔属水果的果皮",227602,1011591,490094,2086289,6.8,43
2018,4,13,"10章","10章 谷物",50155,176560,503141,1501457,59.7,-0.7
2018,4,14,"11章","11章 制粉工业产品；麦芽；淀粉；菊粉；面筋",42561,157054,62821,285014,47,23.5
2018,4,19,"15章","15章 动、植物油、脂及其分解产品；精制的食用油脂；动、植物蜡",55459,221253,375744,1630553,47.7,-14.6
2018,4,38,"31章","31章 肥料",242911,854477,144475,713853,-18.1,4.9
2018,4,63,"51章","51章 羊毛、动物细毛或粗毛；马毛纱线及其机织物",163372,499234,240114,907796,15.4,21.5
2018,4,64,"52章","52章 棉花",959245,3216138,465548,1854701,0.2,-10.2
2018,5,3,"01章","01章 活动物",25973,120942,14387,90214,-9.3,3.9
2018,5,4,"02章","02章 肉及食用杂碎",45236,213468,618223,2944788,-13.5,7.6
2018,5,5,"03章","03章 鱼、甲壳动物、软体动物及其他水生无脊椎动物",713237,3335687,623404,2818831,-6.6,39
2018,5,6,"04章","04章 乳品；蛋品；天然蜂蜜；其他食用动物产品",30452,157028,308568,1647922,-0.4,14.4
2018,5,10,"07章","07章 食用蔬菜、根及块茎",540771,2670975,115462,679083,-9.5,14.4
2018,5,11,"08章","08章 食用水果及坚果；甜瓜或柑桔属水果的果皮",181904,1193553,508806,2595100,7.5,34.1
2018,5,13,"10章","10章 谷物",35545,212105,563476,2064955,29.1,9.3
2018,5,14,"11章","11章 制粉工业产品；麦芽；淀粉；菊粉；面筋",46466,203519,53520,338534,48,23.8
2018,5,19,"15章","15章 动、植物油、脂及其分解产品；精制的食用油脂；动、植物蜡",53162,274415,533495,2163771,39.8,-6.9
2018,5,38,"31章","31章 肥料",358896,1213363,148986,862532,-13.8,16.7
2018,5,63,"51章","51章 羊毛、动物细毛或粗毛；马毛纱线及其机织物",166363,665495,310049,1217817,17,19.2
2018,5,64,"52章","52章 棉花",965179,4181433,595601,2450302,0.5,-2.1
2018,6,3,"01章","01章 活动物",27075,148017,35405,125618,-10.7,32.4
2018,6,4,"02章","02章 肉及食用杂碎",45482,258949,567522,3512417,-13.1,9.3
2018,6,5,"03章","03章 鱼、甲壳动物、软体动物及其他水生无脊椎动物",670581,4006517,586297,3405222,-7.5,39.4
2018,6,6,"04章","04章 乳品；蛋品；天然蜂蜜；其他食用动物产品",28869,185922,261093,1909012,-1.9,7.7
2018,6,10,"07章","07章 食用蔬菜、根及块茎",565457,3236741,102233,781316,-11.5,16.1
2018,6,11,"08章","08章 食用水果及坚果；甜瓜或柑桔属水果的果皮",180498,1374136,388095,2983185,5.6,30.1
2018,6,13,"10章","10章 谷物",41692,253797,348471,2413343,18.4,7.5
2018,6,14,"11章","11章 制粉工业产品；麦芽；淀粉；菊粉；面筋",45132,248652,48004,386507,44.2,20.1
2018,6,19,"15章","15章 动、植物油、脂及其分解产品；精制的食用油脂；动、植物蜡",61085,335549,435558,2598903,37.8,-4.6
2018,6,38,"31章","31章 肥料",477365,1690229,104728,967137,-9.5,19.2
2018,6,63,"51章","51章 羊毛、动物细毛或粗毛；马毛纱线及其机织物",145585,811583,255052,1472818,16.5,17.8
2018,6,64,"52章","52章 棉花",817519,5061651,529681,2980046,0.9,1.2
2018,7,3,"01章","01章 活动物",38321,186339,29784,155402,-5.6,19.5
2018,7,4,"02章","02章 肉及食用杂碎",47643,306593,569883,4082309,-11.5,9.3
2018,7,5,"03章","03章 鱼、甲壳动物、软体动物及其他水生无脊椎动物",732237,4738754,582622,3987746,-5.6,37.3
2018,7,6,"04章","04章 乳品；蛋品；天然蜂蜜；其他食用动物产品",30882,216767,320126,2229095,-1.6,7.2
2018,7,10,"07章","07章 食用蔬菜、根及块茎",594780,3831462,78213,859528,-10.8,11.2
2018,7,11,"08章","08章 食用水果及坚果；甜瓜或柑桔属水果的果皮",246077,1620118,420482,3404079,4.9,28.4
2018,7,13,"10章","10章 谷物",49477,302905,243854,2657208,23.9,-0.7
2018,7,14,"11章","11章 制粉工业产品；麦芽；淀粉；菊粉；面筋",46541,295193,49978,436472,43,15.9
2018,7,19,"15章","15章 动、植物油、脂及其分解产品；精制的食用油脂；动、植物蜡",55404,390935,455303,3053440,33.4,-0.5
2018,7,38,"31章","31章 肥料",417890,2107742,110593,1077757,-7.3,17.9
2018,7,63,"51章","51章 羊毛、动物细毛或粗毛；马毛纱线及其机织物",133822,945343,249693,1722512,16.2,17.9
2018,7,64,"52章","52章 棉花",811458,5873011,612103,3592180,0.9,5.9
2018,8,3,"01章","01章 活动物",19018,205357,12147,167550,-10.9,3.7
2018,8,4,"02章","02章 肉及食用杂碎",46286,352879,628924,4711031,-11.9,11.3
2018,8,5,"03章","03章 鱼、甲壳动物、软体动物及其他水生无脊椎动物",693066,5431302,649927,4635684,-5.8,36.4
2018,8,6,"04章","04章 乳品；蛋品；天然蜂蜜；其他食用动物产品",34797,251564,360385,2589372,-2.2,6.6
2018,8,10,"07章","07章 食用蔬菜、根及块茎",558190,4389507,93357,952885,-10.7,12.7
2018,8,11,"08章","08章 食用水果及坚果；甜瓜或柑桔属水果的果皮",243629,1863598,535064,3939387,2.2,29.6
2018,8,13,"10章","10章 谷物",44381,352068,218323,2875401,30.3,-4.2
2018,8,14,"11章","11章 制粉工业产品；麦芽；淀粉；菊粉；面筋",41448,336626,56764,493236,38.9,16.4
2018,8,19,"15章","15章 动、植物油、脂及其分解产品；精制的食用油脂；动、植物蜡",66553,457340,497275,3550460,31.4,0.9
2018,8,38,"31章","31章 肥料",404283,2511927,115989,1193746,-8.5,15.9
2018,8,63,"51章","51章 羊毛、动物细毛或粗毛；马毛纱线及其机织物",136265,1081644,235541,1958124,15.9,18.3
2018,8,64,"52章","52章 棉花",882208,6754503,674835,4266423,0.7,10.8
2018,9,3,"01章","01章 活动物",29625,234982,38588,206188,-10.3,18.5
2018,9,4,"02章","02章 肉及食用杂碎",50948,403827,632288,5343224,-9.2,14.1
2018,9,5,"03章","03章 鱼、甲壳动物、软体动物及其他水生无脊椎动物",740329,6170100,781303,5413667,-4.4,37.4
2018,9,6,"04章","04章 乳品；蛋品；天然蜂蜜；其他食用动物产品",32706,284271,236885,2826171,-3.1,5.5
2018,9,10,"07章","07章 食用蔬菜、根及块茎",594618,4983519,68003,1020888,-9.8,4.5
2018,9,11,"08章","08章 食用水果及坚果；甜瓜或柑桔属水果的果皮",294356,2157956,465628,4405067,-0.8,30.9
2018,9,13,"10章","10章 谷物",45746,397556,262796,3138082,24.7,-6.9
2018,9,14,"11章","11章 制粉工业产品；麦芽；淀粉；菊粉；面筋",42622,376687,69650,560954,37.5,18.4
2018,9,19,"15章","15章 动、植物油、脂及其分解产品；精制的食用油脂；动、植物蜡",65709,522199,565854,4114810,31.4,1.6
2018,9,38,"31章","31章 肥料",483962,2992963,102358,1291046,-2.1,11.3
2018,9,63,"51章","51章 羊毛、动物细毛或粗毛；马毛纱线及其机织物",138319,1219942,169667,2125870,17.8,17.9
2018,9,64,"52章","52章 棉花",915291,7669511,592624,4858331,1.1,12.1
2018,10,3,"01章","01章 活动物",33718,268700,17525,223698,-8.1,18.1
2018,10,4,"02章","02章 肉及食用杂碎",54013,457592,580330,5923548,-7.8,14.7
2018,10,5,"03章","03章 鱼、甲壳动物、软体动物及其他水生无脊椎动物",830074,7000099,744790,6158610,-2.8,39.6
2018,10,6,"04章","04章 乳品；蛋品；天然蜂蜜；其他食用动物产品",30799,315060,244190,3070576,-3.1,5.5
2018,10,10,"07章","07章 食用蔬菜、根及块茎",617047,5598599,115867,1136914,-8.9,4.8
2018,10,11,"08章","08章 食用水果及坚果；甜瓜或柑桔属水果的果皮",426473,2584416,335051,4741111,-1.1,31.7
2018,10,13,"10章","10章 谷物",54657,452213,205692,3343888,26.7,-9.2
2018,10,14,"11章","11章 制粉工业产品；麦芽；淀粉；菊粉；面筋",46385,423055,66252,627225,38,20.6
2018,10,19,"15章","15章 动、植物油、脂及其分解产品；精制的食用油脂；动、植物蜡",67282,589386,467292,4582197,29.6,1.9
2018,10,38,"31章","31章 肥料",675714,3663095,104402,1395353,7.8,7.4
2018,10,63,"51章","51章 羊毛、动物细毛或粗毛；马毛纱线及其机织物",128581,1348323,237704,2363564,18.7,19.1
2018,10,64,"52章","52章 棉花",865502,8523898,475947,5334471,0.3,11.3
2018,11,3,"01章","01章 活动物",32022,300721,28014,251712,-7.6,18.7
2018,11,4,"02章","02章 肉及食用杂碎",51170,508762,659897,6583394,-8.2,14.3
2018,11,5,"03章","03章 鱼、甲壳动物、软体动物及其他水生无脊椎动物",876705,7876664,758493,6914084,-2.3,40.9
2018,11,6,"04章","04章 乳品；蛋品；天然蜂蜜；其他食用动物产品",34898,349967,327083,3397663,-2.8,6.4
2018,11,10,"07章","07章 食用蔬菜、根及块茎",653658,6253247,105292,1242214,-8.6,1.1
2018,11,11,"08章","08章 食用水果及坚果；甜瓜或柑桔属水果的果皮",474481,3058863,386411,5129546,-1.6,30.3
2018,11,13,"10章","10章 谷物",78343,530396,177070,3520786,29.2,-11.4
2018,11,14,"11章","11章 制粉工业产品；麦芽；淀粉；菊粉；面筋",50575,473631,82254,709479,36.6,21.9
2018,11,19,"15章","15章 动、植物油、脂及其分解产品；精制的食用油脂；动、植物蜡",64317,653698,542200,5123848,28.9,1.3
2018,11,38,"31章","31章 肥料",564122,4225794,160587,1555902,13.6,8.5
2018,11,63,"51章","51章 羊毛、动物细毛或粗毛；马毛纱线及其机织物",132382,1480754,219231,2582807,19.8,15.9
2018,11,64,"52章","52章 棉花",871093,9395135,545474,5879746,-0.1,10.9
2018,12,3,"01章","01章 活动物",58405,359126,20958,271807,-5.7,10.7
2018,12,4,"02章","02章 肉及食用杂碎",63451,571452,679344,7262789,-8,13
2018,12,5,"03章","03章 鱼、甲壳动物、软体动物及其他水生无脊椎动物",885473,8761908,757675,7671460,-2.4,40.5
2018,12,6,"04章","04章 乳品；蛋品；天然蜂蜜；其他食用动物产品",39011,389034,296054,3693700,-2.4,7.5
2018,12,10,"07章","07章 食用蔬菜、根及块茎",688132,6939810,93573,1335787,-8.3,-2.1
2018,12,11,"08章","08章 食用水果及坚果；甜瓜或柑桔属水果的果皮",458987,3517836,597856,5726778,-2.2,31.9
2018,12,13,"10章","10章 谷物",99203,629818,254577,3775949,38.9,-13.1
2018,12,14,"11章","11章 制粉工业产品；麦芽；淀粉；菊粉；面筋",48094,521725,70848,779040,34.2,18.5
2018,12,19,"15章","15章 动、植物油、脂及其分解产品；精制的食用油脂；动、植物蜡",67174,720906,564146,5688373,26.9,1.4
2018,12,38,"31章","31章 肥料",406635,4629971,244542,1800453,12.8,14.8
2018,12,63,"51章","51章 羊毛、动物细毛或粗毛；马毛纱线及其机织物",147078,1627774,172224,2755025,20,12
2018,12,64,"52章","52章 棉花",774677,10166996,643639,6523460,-0.8,11.8
2019,1,3,"01章","01章 活动物",23188,23188,42580,42580,229.5,39.6
2019,1,4,"02章","02章 肉及食用杂碎",42929,42929,830311,830311,7,29.8
2019,1,5,"03章","03章 鱼、甲壳动物、软体动物及其他水生无脊椎动物",921398,921398,1011596,1011596,0.2,75.8
2019,1,6,"04章","04章 乳品；蛋品；天然蜂蜜；其他食用动物产品",39445,39445,693698,693698,7.9,14.8
2019,1,10,"07章","07章 食用蔬菜、根及块茎",532777,532777,113501,113501,-4.9,-26.2
2019,1,11,"08章","08章 食用水果及坚果；甜瓜或柑桔属水果的果皮",374596,374596,1096988,1096988,13,49.3
2019,1,13,"10章","10章 谷物",40927,40927,518575,518575,-25.2,35.5
2019,1,14,"11章","11章 制粉工业产品；麦芽；淀粉；菊粉；面筋",40727,40727,110587,110587,5.4,24.8
2019,1,19,"15章","15章 动、植物油、脂及其分解产品；精制的食用油脂；动、植物蜡",59163,59163,617912,617912,-4.2,17.6
2019,1,38,"31章","31章 肥料",424868,424868,278462,278462,104.7,40.2
2019,1,63,"51章","51章 羊毛、动物细毛或粗毛；马毛纱线及其机织物",133994,133994,206067,206067,21,-27.2
2019,1,64,"52章","52章 棉花",951207,951207,720623,720623,10.5,24.4
2019,2,3,"01章","01章 活动物",14530,37718,7267,49847,0.9,26.6
2019,2,4,"02章","02章 肉及食用杂碎",32231,75160,573887,1403799,-5.9,30.9
2019,2,5,"03章","03章 鱼、甲壳动物、软体动物及其他水生无脊椎动物",361726,1283042,578878,1589798,-12.5,56.2
2019,2,6,"04章","04章 乳品；蛋品；天然蜂蜜；其他食用动物产品",27574,67019,257115,950811,-1.8,13.7
2019,2,10,"07章","07章 食用蔬菜、根及块茎",313220,846102,86755,200255,-12.9,-26
2019,2,11,"08章","08章 食用水果及坚果；甜瓜或柑桔属水果的果皮",165339,539935,431307,1528301,-0.9,24.5
2019,2,13,"10章","10章 谷物",36740,77667,170226,688753,-17.7,9.3
2019,2,14,"11章","11章 制粉工业产品；麦芽；淀粉；菊粉；面筋",34110,74833,65158,175745,5.4,18
2019,2,19,"15章","15章 动、植物油、脂及其分解产品；精制的食用油脂；动、植物蜡",36907,96070,385265,1003177,-16.4,16
2019,2,38,"31章","31章 肥料",260474,685371,251016,529470,92.9,32.1
2019,2,63,"51章","51章 羊毛、动物细毛或粗毛；马毛纱线及其机织物",112190,246161,118159,324226,11.8,-20.3
2019,2,64,"52章","52章 棉花",487968,1439251,544884,1265438,-9.5,41.2
2019,3,3,"01章","01章 活动物",26604,64322,23484,73288,-0.9,35
2019,3,4,"02章","02章 肉及食用杂碎",41982,117144,766966,2170823,-3.4,24
2019,3,5,"03章","03章 鱼、甲壳动物、软体动物及其他水生无脊椎动物",694108,1977146,754327,2344219,0.9,50.5
2019,3,6,"04章","04章 乳品；蛋品；天然蜂蜜；其他食用动物产品",34992,102010,285498,1236312,3.5,14.3
2019,3,10,"07章","07章 食用蔬菜、根及块茎",561724,1407771,102527,302783,-8.6,-27.4
2019,3,11,"08章","08章 食用水果及坚果；甜瓜或柑桔属水果的果皮",235273,775148,584763,2113125,-1.1,32.3
2019,3,13,"10章","10章 谷物",63238,140904,258513,947143,11.5,-5.1
2019,3,14,"11章","11章 制粉工业产品；麦芽；淀粉；菊粉；面筋",50458,125138,71799,247544,9.3,11.3
2019,3,19,"15章","15章 动、植物油、脂及其分解产品；精制的食用油脂；动、植物蜡",60809,156879,445475,1447801,-5.4,15.4
2019,3,38,"31章","31章 肥料",383647,1068584,217061,746456,75,31.2
2019,3,63,"51章","51章 羊毛、动物细毛或粗毛；马毛纱线及其机织物",170053,416213,201833,526059,23.9,-21.2
2019,3,64,"52章","52章 棉花",905457,2343595,594591,1859439,2.2,33.9
2019,4,3,"01章","01章 活动物",30186,94508,24995,98277,-0.5,29.5
2019,4,4,"02章","02章 肉及食用杂碎",45887,163032,918217,3088156,-3.1,32.7
2019,4,5,"03章","03章 鱼、甲壳动物、软体动物及其他水生无脊椎动物",698561,2675554,872798,3216848,2,46.6
2019,4,6,"04章","04章 乳品；蛋品；天然蜂蜜；其他食用动物产品",25920,127726,334207,1570466,0.9,17.3
2019,4,10,"07章","07章 食用蔬菜、根及块茎",523353,1931216,137120,439901,-9.3,-22
2019,4,11,"08章","08章 食用水果及坚果；甜瓜或柑桔属水果的果皮",177883,953030,852279,2965273,-5.8,42
2019,4,13,"10章","10章 谷物",89911,230816,342958,1290107,30.7,-14.1
2019,4,14,"11章","11章 制粉工业产品；麦芽；淀粉；菊粉；面筋",46406,171544,103925,350725,9.2,23
2019,4,19,"15章","15章 动、植物油、脂及其分解产品；精制的食用油脂；动、植物蜡",68029,224918,446469,1893890,1.6,16.2
2019,4,38,"31章","31章 肥料",418784,1487247,256805,1003261,74.7,40.6
2019,4,63,"51章","51章 羊毛、动物细毛或粗毛；马毛纱线及其机织物",145125,562011,299400,825447,12.5,-9
2019,4,64,"52章","52章 棉花",860590,3204236,615268,2474996,-2.1,33.4
2019,5,3,"01章","01章 活动物",29891,124398,38534,136811,2.9,51.6
2019,5,4,"02章","02章 肉及食用杂碎",51338,214370,1020112,4108374,0.4,39.5
2019,5,5,"03章","03章 鱼、甲壳动物、软体动物及其他水生无脊椎动物",739540,3415120,828810,4045988,2.4,43.6
2019,5,6,"04章","04章 乳品；蛋品；天然蜂蜜；其他食用动物产品",30109,157838,324975,1894920,0.5,15
2019,5,10,"07章","07章 食用蔬菜、根及块茎",580620,2511814,105345,545232,-5.9,-19.7
2019,5,11,"08章","08章 食用水果及坚果；甜瓜或柑桔属水果的果皮",128824,1081662,736054,3701316,-9.4,42.5
2019,5,13,"10章","10章 谷物",90412,321228,275027,1565027,51.5,-24.2
2019,5,14,"11章","11章 制粉工业产品；麦芽；淀粉；菊粉；面筋",43984,215509,80953,425462,5.9,25.6
2019,5,19,"15章","15章 动、植物油、脂及其分解产品；精制的食用油脂；动、植物蜡",65435,290353,528206,2421162,5.8,12
2019,5,38,"31章","31章 肥料",473062,1960304,245934,1249196,62.2,44.9
2019,5,63,"51章","51章 羊毛、动物细毛或粗毛；马毛纱线及其机织物",183079,745092,275076,1100586,11.9,-9.6
2019,5,64,"52章","52章 棉花",954554,4158824,643792,3119386,-1.9,27.3
2019,6,3,"01章","01章 活动物",22803,147201,25916,162727,-0.6,29.5
2019,6,4,"02章","02章 肉及食用杂碎",47298,261668,1028130,5136215,1.1,46.2
2019,6,5,"03章","03章 鱼、甲壳动物、软体动物及其他水生无脊椎动物",698808,4114262,723835,4769079,2.7,40.2
2019,6,6,"04章","04章 乳品；蛋品；天然蜂蜜；其他食用动物产品",28857,186695,316095,2211009,0.4,15.8
2019,6,10,"07章","07章 食用蔬菜、根及块茎",687876,3199622,82633,627907,-1.1,-19.6
2019,6,11,"08章","08章 食用水果及坚果；甜瓜或柑桔属水果的果皮",168246,1249907,494963,4196724,-9,40.6
2019,6,13,"10章","10章 谷物",77892,399120,276208,1841235,57.5,-23.7
2019,6,14,"11章","11章 制粉工业产品；麦芽；淀粉；菊粉；面筋",49963,265472,55695,481090,7.2,24.8
2019,6,19,"15章","15章 动、植物油、脂及其分解产品；精制的食用油脂；动、植物蜡",70823,361177,572516,2993559,7.6,15.3
2019,6,38,"31章","31章 肥料",375819,2336101,186713,1436045,38.7,48.5
2019,6,63,"51章","51章 羊毛、动物细毛或粗毛；马毛纱线及其机织物",164867,909859,230320,1330807,12.1,-9.6
2019,6,64,"52章","52章 棉花",783233,4941990,537058,3655152,-2.2,22.7
2019,7,3,"01章","01章 活动物",19221,166606,25304,188029,-10.6,21
2019,7,4,"02章","02章 肉及食用杂碎",50048,311724,1155591,6290929,1.8,54.1
2019,7,5,"03章","03章 鱼、甲壳动物、软体动物及其他水生无脊椎动物",671285,4785327,822710,5591245,1,40.4
2019,7,6,"04章","04章 乳品；蛋品；天然蜂蜜；其他食用动物产品",32285,218980,345946,2556842,1,14.7
2019,7,10,"07章","07章 食用蔬菜、根及块茎",636126,3835707,68736,696644,0.2,-19
2019,7,11,"08章","08章 食用水果及坚果；甜瓜或柑桔属水果的果皮",312741,1562626,633207,4829413,-3.5,41.8
2019,7,13,"10章","10章 谷物",86511,485615,236679,2077948,58,-21.8
2019,7,14,"11章","11章 制粉工业产品；麦芽；淀粉；菊粉；面筋",46413,311875,51585,532571,6.3,22.6
2019,7,19,"15章","15章 动、植物油、脂及其分解产品；精制的食用油脂；动、植物蜡",69454,430628,593802,3587024,10.3,17.5
2019,7,38,"31章","31章 肥料",538552,2873946,206181,1642225,36.7,53.1
2019,7,63,"51章","51章 羊毛、动物细毛或粗毛；马毛纱线及其机织物",130897,1040739,199237,1530055,10.1,-11.1
2019,7,64,"52章","52章 棉花",766565,5708014,530930,4185455,-2.7,16.5
2019,8,3,"01章","01章 活动物",27934,194540,32501,220529,-5.3,31.6
2019,8,4,"02章","02章 肉及食用杂碎",50549,362273,1035932,7326679,2.7,55.5
2019,8,5,"03章","03章 鱼、甲壳动物、软体动物及其他水生无脊椎动物",663957,5448046,905761,6497095,0.3,40.3
2019,8,6,"04章","04章 乳品；蛋品；天然蜂蜜；其他食用动物产品",31231,250211,365632,2922436,-0.5,12.9
2019,8,10,"07章","07章 食用蔬菜、根及块茎",572390,4408294,83175,779816,0.5,-18.2
2019,8,11,"08章","08章 食用水果及坚果；甜瓜或柑桔属水果的果皮",360781,1923404,832788,5662156,3.2,43.6
2019,8,13,"10章","10章 谷物",64082,549697,206393,2284324,56.3,-20.6
2019,8,14,"11章","11章 制粉工业产品；麦芽；淀粉；菊粉；面筋",52337,364203,65013,597551,9,21.6
2019,8,19,"15章","15章 动、植物油、脂及其分解产品；精制的食用油脂；动、植物蜡",86513,517141,596310,4182906,13.3,17.9
2019,8,38,"31章","31章 肥料",442118,3316007,135816,1778041,32.4,49.6
2019,8,63,"51章","51章 羊毛、动物细毛或粗毛；马毛纱线及其机织物",112564,1153217,129398,1659524,6.6,-15.2
2019,8,64,"52章","52章 棉花",748264,6455688,415607,4601164,-4.3,7.9
2019,9,3,"01章","01章 活动物",31038,225578,23951,244481,-4,18.6
2019,9,4,"02章","02章 肉及食用杂碎",52941,415214,1138162,8464716,3.1,58.4
2019,9,5,"03章","03章 鱼、甲壳动物、软体动物及其他水生无脊椎动物",710449,6158464,952550,7449322,-0.2,37.6
2019,9,6,"04章","04章 乳品；蛋品；天然蜂蜜；其他食用动物产品",32076,282287,301359,3223791,-0.7,14.1
2019,9,10,"07章","07章 食用蔬菜、根及块茎",600139,5008424,62798,842614,0.5,-17.5
2019,9,11,"08章","08章 食用水果及坚果；甜瓜或柑桔属水果的果皮",479241,2402585,619345,6281817,11.3,42.5
2019,9,13,"10章","10章 谷物",33063,582753,269945,2554234,46.5,-18.6
2019,9,14,"11章","11章 制粉工业产品；麦芽；淀粉；菊粉；面筋",52872,417075,76981,674558,10.7,20.2
2019,9,19,"15章","15章 动、植物油、脂及其分解产品；精制的食用油脂；动、植物蜡",72656,589788,595859,4778946,13,16.2
2019,9,38,"31章","31章 肥料",461711,3777937,247653,2025676,26.5,56.9
2019,9,63,"51章","51章 羊毛、动物细毛或粗毛；马毛纱线及其机织物",123102,1276315,111434,1770974,4.6,-16.7
2019,9,64,"52章","52章 棉花",798165,7252872,401689,5002857,-5.3,3
2019,10,3,"01章","01章 活动物",24743,250321,42909,287452,-6.8,28.5
2019,10,4,"02章","02章 肉及食用杂碎",50788,466002,1222841,9687579,2,63.6
2019,10,5,"03章","03章 鱼、甲壳动物、软体动物及其他水生无脊椎动物",763187,6921624,971054,8420165,-1.1,36.8
2019,10,6,"04章","04章 乳品；蛋品；天然蜂蜜；其他食用动物产品",34935,317222,304713,3527816,0.7,14.9
2019,10,10,"07章","07章 食用蔬菜、根及块茎",640511,5648808,71088,913695,0.9,-19.6
2019,10,11,"08章","08章 食用水果及坚果；甜瓜或柑桔属水果的果皮",618429,3020565,400332,6683049,16.9,40.9
2019,10,13,"10章","10章 谷物",66028,648781,256034,2810434,43.4,-16
2019,10,14,"11章","11章 制粉工业产品；麦芽；淀粉；菊粉；面筋",53083,470158,62646,737205,11.1,17.5
2019,10,19,"15章","15章 动、植物油、脂及其分解产品；精制的食用油脂；动、植物蜡",72592,662380,677007,5456464,12.4,19.1
2019,10,38,"31章","31章 肥料",376535,4154682,129775,2155432,13.5,54.5
2019,10,63,"51章","51章 羊毛、动物细毛或粗毛；马毛纱线及其机织物",128545,1404858,135932,1906910,4.2,-19.3
2019,10,64,"52章","52章 棉花",861251,8114438,380139,5383075,-4.8,0.9
2019,11,3,"01章","01章 活动物",36447,286768,26948,314452,-4.6,25.4
2019,11,4,"02章","02章 肉及食用杂碎",47805,513807,1581249,11269015,1.1,71.2
2019,11,5,"03章","03章 鱼、甲壳动物、软体动物及其他水生无脊椎动物",798214,7719787,1027697,9449079,-2,36.7
2019,11,6,"04章","04章 乳品；蛋品；天然蜂蜜；其他食用动物产品",35317,352539,434599,3962139,0.7,16.6
2019,11,10,"07章","07章 食用蔬菜、根及块茎",754322,6403186,106430,1020373,2.4,-17.9
2019,11,11,"08章","08章 食用水果及坚果；甜瓜或柑桔属水果的果皮",650786,3671393,568782,7252197,20,41.4
2019,11,13,"10章","10章 谷物",52837,701617,270970,3081402,32.2,-12.5
2019,11,14,"11章","11章 制粉工业产品；麦芽；淀粉；菊粉；面筋",51898,522141,75787,812981,10.2,14.8
2019,11,19,"15章","15章 动、植物油、脂及其分解产品；精制的食用油脂；动、植物蜡",82620,745000,734778,6190519,14,20.8
2019,11,38,"31章","31章 肥料",432123,4586801,130902,2286290,8.6,46.9
2019,11,63,"51章","51章 羊毛、动物细毛或粗毛；马毛纱线及其机织物",104894,1509331,144918,2051804,1.9,-20.6
2019,11,64,"52章","52章 棉花",794514,8908787,438620,5821452,-5.1,-1
2019,12,3,"01章","01章 活动物",65197,351965,28681,343209,-2,26.3
2019,12,4,"02章","02章 肉及食用杂碎",65912,579719,1744705,13014409,1.4,79.2
2019,12,5,"03章","03章 鱼、甲壳动物、软体动物及其他水生无脊椎动物",877890,8597549,1184029,10636623,-1.9,38.7
2019,12,6,"04章","04章 乳品；蛋品；天然蜂蜜；其他食用动物产品",34106,386650,417086,4379357,-0.6,18.6
2019,12,10,"07章","07章 食用蔬菜、根及块茎",721871,7124040,55125,1075497,2.7,-19.5
2019,12,11,"08章","08章 食用水果及坚果；甜瓜或柑桔属水果的果皮",657775,4328547,771611,8023906,23,40.1
2019,12,13,"10章","10章 谷物",68730,770347,400520,3481714,22.3,-7.8
2019,12,14,"11章","11章 制粉工业产品；麦芽；淀粉；菊粉；面筋",56007,578136,96870,909850,10.8,16.8
2019,12,19,"15章","15章 动、植物油、脂及其分解产品；精制的食用油脂；动、植物蜡",75109,819458,666860,6857430,13.7,20.6
2019,12,38,"31章","31章 肥料",343576,4926384,147163,2433381,6.4,35.2
2019,12,63,"51章","51章 羊毛、动物细毛或粗毛；马毛纱线及其机织物",112146,1621452,158905,2210708,-0.4,-19.8
2019,12,64,"52章","52章 棉花",825858,9733949,515403,6336823,-4.3,-2.9
2020,2,3,"01章","01章 活动物",32834,55983,-13.4,12.4,NA,NA
2020,2,4,"02章","02章 肉及食用杂碎",67864,3192830,-9.7,127.4,NA,NA
2020,2,5,"03章","03章 鱼、甲壳动物、软体动物及其他水生无脊椎动物",1010246,1518344,-21.3,-4.5,NA,NA
2020,2,6,"04章","04章 乳品；蛋品；天然蜂蜜；其他食用动物产品",52351,1080477,-21.6,13.6,NA,NA
2020,2,10,"07章","07章 食用蔬菜、根及块茎",825907,154360,-2.4,-22.9,NA,NA
2020,2,11,"08章","08章 食用水果及坚果；甜瓜或柑桔属水果的果皮",606558,1638025,12.4,7.1,NA,NA
2020,2,13,"10章","10章 谷物",62697,546877,-19.3,-20.6,NA,NA
2020,2,14,"11章","11章 制粉工业产品；麦芽；淀粉；菊粉；面筋",83678,121771,12.1,-28.2,NA,NA
2020,2,19,"15章","15章 动、植物油、脂及其分解产品；精制的食用油脂；动、植物蜡",113536,1013504,18.2,1.1,NA,NA
2020,2,38,"31章","31章 肥料",376434,384127,-45,-27.5,NA,NA
2020,2,63,"51章","51章 羊毛、动物细毛或粗毛；马毛纱线及其机织物",179986,232696,-26.9,-28.2,NA,NA
2020,2,64,"52章","52章 棉花",1109079,1001504,-22.9,-20.8,NA,NA
2020,3,3,"01章","01章 活动物",29417,62251,34699,90682,-3.5,23.7
2020,3,4,"02章","02章 肉及食用杂碎",34787,102652,2176541,5369165,-12.4,147.4
2020,3,5,"03章","03章 鱼、甲壳动物、软体动物及其他水生无脊椎动物",591588,1601832,719352,2237673,-19,-4.5
2020,3,6,"04章","04章 乳品；蛋品；天然蜂蜜；其他食用动物产品",34208,86558,369285,1449590,-15,17.3
2020,3,10,"07章","07章 食用蔬菜、根及块茎",591540,1417412,142704,297068,0.7,-1.9
2020,3,11,"08章","08章 食用水果及坚果；甜瓜或柑桔属水果的果皮",311805,917299,628637,2266400,18.4,7.2
2020,3,13,"10章","10章 谷物",93533,156231,360268,907144,10.9,-4.2
2020,3,14,"11章","11章 制粉工业产品；麦芽；淀粉；菊粉；面筋",56990,140668,105427,227198,12.4,-5.6
2020,3,19,"15章","15章 动、植物油、脂及其分解产品；精制的食用油脂；动、植物蜡",79529,193065,398129,1411685,23.1,-2.5
2020,3,38,"31章","31章 肥料",400998,777422,209403,593566,-27.2,-20.5
2020,3,63,"51章","51章 羊毛、动物细毛或粗毛；马毛纱线及其机织物",118238,298224,152250,384946,-28.4,-26.8
2020,3,64,"52章","52章 棉花",704450,1812701,601857,1603353,-22.6,-13.8
2020,4,3,"01章","01章 活动物",34515,96766,23442,114119,2.2,16.1
2020,4,4,"02章","02章 肉及食用杂碎",38602,141035,1872572,7240446,-13.5,134.4
2020,4,5,"03章","03章 鱼、甲壳动物、软体动物及其他水生无脊椎动物",598999,2200792,797680,3035382,-17.7,-5.7
2020,4,6,"04章","04章 乳品；蛋品；天然蜂蜜；其他食用动物产品",39091,125649,401124,1850739,-1.6,17.9
2020,4,10,"07章","07章 食用蔬菜、根及块茎",583390,2000820,134341,431433,3.6,-1.9
2020,4,11,"08章","08章 食用水果及坚果；甜瓜或柑桔属水果的果皮",219207,1136506,1012605,3279139,19.3,10.6
2020,4,13,"10章","10章 谷物",79341,235572,375921,1283025,2.1,-0.5
2020,4,14,"11章","11章 制粉工业产品；麦芽；淀粉；菊粉；面筋",44393,185061,110413,337614,7.9,-2
2020,4,19,"15章","15章 动、植物油、脂及其分解产品；精制的食用油脂；动、植物蜡",103360,296425,526845,1938468,31.8,2.4
2020,4,38,"31章","31章 肥料",289746,1067168,179979,770070,-28.2,-23.2
2020,4,63,"51章","51章 羊毛、动物细毛或粗毛；马毛纱线及其机织物",98294,396455,173443,558391,-29.4,-32.3
2020,4,64,"52章","52章 棉花",432487,2245046,427439,2030775,-29.9,-18
2020,5,3,"01章","01章 活动物",31968,128734,61848,175968,3.3,28.6
2020,5,4,"02章","02章 肉及食用杂碎",40740,181775,1684061,8923846,-15.2,117.2
2020,5,5,"03章","03章 鱼、甲壳动物、软体动物及其他水生无脊椎动物",607962,2808723,790097,3824417,-17.7,-5.5
2020,5,6,"04章","04章 乳品；蛋品；天然蜂蜜；其他食用动物产品",34549,160200,352508,2203247,1.5,16.3
2020,5,10,"07章","07章 食用蔬菜、根及块茎",618430,2619167,105498,536963,4.3,-1.6
2020,5,11,"08章","08章 食用水果及坚果；甜瓜或柑桔属水果的果皮",201601,1338106,925698,4204955,23.7,13.6
2020,5,13,"10章","10章 谷物",88310,323882,487399,1770424,0.8,13.1
2020,5,14,"11章","11章 制粉工业产品；麦芽；淀粉；菊粉；面筋",43249,228310,107656,445270,6,4.7
2020,5,19,"15章","15章 动、植物油、脂及其分解产品；精制的食用油脂；动、植物蜡",87129,383552,576998,2515460,32.1,3.9
2020,5,38,"31章","31章 肥料",348050,1414649,121646,891714,-27.8,-28.6
2020,5,63,"51章","51章 羊毛、动物细毛或粗毛；马毛纱线及其机织物",83573,480028,151603,709978,-35.6,-35.5
2020,5,64,"52章","52章 棉花",501058,2745955,266666,2297447,-33.9,-26.3
